"","CRUISE","Date","YEAR","MONTH","Analyst","Mesh Size","TOTAL DENSITY","BIOMASS","ASH","COPEPODOS","CALANOIDS","CYCLOPOIDA","HAPARCTICOIDA","POECILOSTOMATOIDA","NA","L.FISH","H.FISH","CHAETOGNATHA","CLADOCEROS","OSTRACODA","FORAMINIFERA","AMPHIPODS","ISOPODS","EUPHAUSIIDS","MISYDACEA","SERGESTID","L.CRUSTACEA","N.COPEPOD","COPEPODITE","N.CIRRIPEDIA","L.CYPRIS","L.DECAPODA","L.STOMATOPODA","L.EUPHAUSIID","L.SERGESTID","NA.1","POLICHAETES","L.CYPHONAUTES","MEDUSA","SIPHONOPHORES","CTENOPHORES","L.ECHINODERMS","PTEROPODS","HETEROPODS","GASTROPODS","L.CEPHALOPODA","L.BIVALVE","L.GASTROPOD","PROTOZOAN","RADIOLARIAN","FORAMINIFERA.1","NA.2","NA.3","APPENDICULARIANS","SALPS","DOLIOLIDS","BIVALVES","H.CRUSTACEA","L.ANFIOXUS","LUCIFER","JUV. GASTROPOD","yday"
"1",71,2001-10-09,2001,10,"Javier Gutierrez",500,213,15.9,"3.3",160.2,"n.d.","n.d.","n.d.","n.d.",NA,1.4,6.4,7.8,3.9,1.6,NA,0.5,"",NA,0.7,"0.2",3.2,"n.d.","n.d.","n.d.","n.d.","n.d.","","n.d.","n.d.",NA,1.1,"",2.5,1.1,0.2,NA,NA,NA,"",NA,NA,"",7.5,NA,3.4,NA,NA,9.36,1.83,NA,NA,NA,"",NA,"",281
"20",72,2001-11-06,2001,11,"Javier Gutierrez",500,13,2.3,"0.1",5.6,"n.d.","n.d.","n.d.","n.d.",NA,0.5,0.3,1.3,0,0.3,NA,0.2,"",0.2,NA,"0.0",1.18,"n.d.","n.d.","n.d.","n.d.","n.d.","0.04","n.d.","n.d.",NA,0,"",0.1,0,0.8,NA,0.6,NA,"",NA,NA,"",NA,NA,1.2,NA,NA,0.52,0.52,NA,NA,NA,"",NA,"",309
"39",73,2001-12-11,2001,12,"Javier Gutierrez",500,9,0.7,"0.2",5,"n.d.","n.d.","n.d.","n.d.",NA,0.1,0.7,0.6,NA,0.3,NA,0.2,"",0.2,0.1,"",0.33,"n.d.","n.d.","n.d.","n.d.","n.d.","0.02","n.d.","n.d.",NA,0,"",0.1,0.2,0,NA,0.1,NA,"",NA,NA,"",0.1,NA,0.3,NA,NA,0.22,0.03,NA,0.03,0.26,"",NA,"",344
"58",74,2002-01-10,2002,1,"Javier Gutierrez",500,105,4.9,"0.18",31.6,"n.d.","n.d.","n.d.","n.d.",NA,0.5,1.5,2.2,45.9,1,0.7,0.4,"n.d.",NA,0.2,"",0.98,"n.d.","n.d.","n.d.","n.d.","n.d.","","n.d.","n.d.",NA,0,"n.d.",0.6,0.1,0.4,NA,0.7,NA,"n.d.",NA,NA,"n.d.",0.2,NA,0.7,NA,NA,0.1,18,NA,0,0.3,"",0.4,"",9
"59",74,2002-01-10,2002,1,"Javier Gutierrez",200,499,10.2,"0.5",329.1,"n.d.","n.d.","n.d.","n.d.",NA,0,29.2,3.2,81.1,1.6,1.6,NA,"n.d.",NA,NA,"n.d.",NA,"n.d.","n.d.","n.d.","n.d.","n.d.","n.d.","n.d.","n.d.",NA,NA,"n.d.",1.6,NA,3.2,NA,1.6,NA,"n.d.",NA,NA,"n.d.",3.2,NA,1.6,NA,NA,3.2,37.3,NA,1.6,1.6,"n.d.",NA,"n.d.",9
"96",75,2002-02-14,2002,2,"Javier Gutierrez",200,612,12.9,"2.6",508.4,"n.d.","n.d.","n.d.","n.d.",NA,NA,18.2,14.9,8.3,18.2,26.4,NA,"n.d.",NA,NA,"n.d.",3.3,"n.d.","n.d.","n.d.","n.d.","n.d.","n.d.","n.d.","n.d.",NA,1.7,"n.d.",NA,NA,1.7,NA,1.7,NA,"n.d.",NA,NA,"n.d.",NA,NA,26.4,NA,NA,5,1.7,NA,NA,3.3,"n.d.",NA,"n.d.",44
"97",75,2002-02-14,2002,2,"Javier Gutierrez",500,NA,NA,"",NA,"n.d.","n.d.","n.d.","n.d.",NA,NA,NA,NA,NA,NA,NA,NA,"n.d.",NA,NA,"",NA,"n.d.","n.d.","n.d.","n.d.","n.d.","","n.d.","n.d.",NA,NA,"n.d.",NA,NA,NA,NA,NA,NA,"n.d.",NA,NA,"n.d.",NA,NA,NA,NA,NA,NA,NA,NA,NA,NA,"",NA,"",44
"134",76,2002-03-12,2002,3,"Javier Gutierrez",200,379,10.6,"1.8",321.6,"n.d.","n.d.","n.d.","n.d.",NA,NA,2.3,6.8,1.1,1.1,NA,1.1,"n.d.",NA,NA,"n.d.",11.32,"n.d.","n.d.","n.d.","n.d.","n.d.","n.d.","n.d.","n.d.",NA,2.3,"n.d.",13.6,1.1,2.3,NA,2.3,NA,"n.d.",NA,NA,"n.d.",NA,NA,NA,NA,NA,5.7,5.7,NA,NA,NA,"n.d.",1.1,"n.d.",70
"135",76,2002-03-12,2002,3,"Javier Gutierrez",500,29,5.47,"0.77",18.9,"n.d.","n.d.","n.d.","n.d.",NA,NA,0.7,0.5,NA,0.4,NA,0.2,"n.d.",NA,NA,"",0.8,"n.d.","n.d.","n.d.","n.d.","n.d.","","n.d.","n.d.",NA,NA,"n.d.",1.6,NA,0.1,NA,0.1,NA,"n.d.",NA,NA,"n.d.",0.1,NA,NA,NA,NA,NA,2.2,NA,0.1,NA,"",0.4,"",70
"172",77,2002-04-02,2002,4,"Javier Gutierrez",200,572,8.7,"1.8",466.1,"n.d.","n.d.","n.d.","n.d.",NA,NA,12.3,4.1,35.9,3.1,18.4,1,"n.d.",NA,NA,"n.d.",6.15,"n.d.","n.d.","n.d.","n.d.","n.d.","n.d.","n.d.","n.d.",NA,NA,"n.d.",4.1,1,NA,NA,2.1,NA,"n.d.",NA,NA,"n.d.",NA,NA,18.4,NA,NA,13.3,3.1,NA,1,NA,"n.d.",NA,"n.d.",91
"173",77,2002-04-02,2002,4,"Javier Gutierrez",500,7,8.31,"2.15",21.1,"n.d.","n.d.","n.d.","n.d.",NA,NA,0.9,1.2,0.8,0.1,1.6,0.2,"n.d.",NA,0.1,"",0.72,"n.d.","n.d.","n.d.","n.d.","n.d.","","n.d.","n.d.",NA,0.1,"n.d.",1.1,0.6,0.2,NA,0.1,NA,"n.d.",NA,NA,"n.d.",NA,NA,1.6,NA,NA,0.2,0.3,NA,NA,NA,"",0.1,"",91
"210",78,2002-05-07,2002,5,"Javier Gutierrez",500,96,1.31,"0.09",4.6,"n.d.","n.d.","n.d.","n.d.",NA,0,0,0.3,0.1,0.3,0.2,0.1,"n.d.",NA,NA,"",0.26,"n.d.","n.d.","n.d.","n.d.","n.d.","0.03","n.d.","n.d.",NA,0.1,"n.d.",0.1,0,0.3,0,NA,NA,"n.d.",NA,NA,"n.d.",NA,NA,0.2,NA,NA,0.2,0.2,NA,NA,NA,"",NA,"",126
"211",78,2002-05-07,2002,5,"Javier Gutierrez",200,247,4.5,"0.4",219.7,"n.d.","n.d.","n.d.","n.d.",NA,NA,4,0.3,3.3,3,1.7,0.3,"n.d.",NA,NA,"n.d.",0.33,"n.d.","n.d.","n.d.","n.d.","n.d.","n.d.","n.d.","n.d.",NA,NA,"n.d.",2.3,0.7,1,NA,NA,0.7,"n.d.",NA,NA,"n.d.",1,NA,1.7,NA,NA,7,1.3,NA,NA,NA,"n.d.",NA,"n.d.",126
"248",79,2002-06-12,2002,6,"Javier Gutierrez",500,16,4.54,"0.35",70.6,"n.d.","n.d.","n.d.","n.d.",NA,1.3,0.4,6.8,0.3,3,1.6,0.7,"n.d.",NA,NA,"",2.14,"n.d.","n.d.","n.d.","n.d.","n.d.","","n.d.","n.d.",NA,NA,"n.d.",1.5,0.7,1.3,NA,0.2,NA,"n.d.",NA,NA,"n.d.",0.1,NA,1.6,NA,NA,4,1.3,NA,NA,NA,"",0.5,"",162
"249",79,2002-06-12,2002,6,"Javier Gutierrez",200,313,10.6,"1.1",285.1,"n.d.","n.d.","n.d.","n.d.",NA,1.1,4.9,4.2,0.8,4.6,3.8,1.1,"n.d.",NA,NA,"n.d.",1.14,"n.d.","n.d.","n.d.","n.d.","n.d.","n.d.","n.d.","n.d.",NA,NA,"n.d.",NA,NA,NA,NA,NA,NA,"n.d.",NA,NA,"n.d.",2.3,NA,3.8,NA,NA,3.4,0.4,NA,NA,NA,"n.d.",NA,"n.d.",162
"286",80,2002-07-09,2002,7,"Javier Gutierrez",200,97,1.4,"0.5",78,"n.d.","n.d.","n.d.","n.d.",NA,NA,0.1,0.1,14,2.6,0.4,NA,"n.d.",NA,NA,"n.d.",1.24,"n.d.","n.d.","n.d.","n.d.","n.d.","n.d.","n.d.","n.d.",NA,NA,"n.d.",NA,0.1,NA,NA,0.3,NA,"n.d.",NA,NA,"n.d.",NA,NA,0.4,NA,NA,0.1,NA,NA,0.1,NA,"n.d.",NA,"n.d.",189
"287",80,2002-07-09,2002,7,"Javier Gutierrez",500,60,0.88,"0.13",10.1,"n.d.","n.d.","n.d.","n.d.",NA,0.1,0,0.4,3.6,0.1,0.4,0,"n.d.",NA,NA,"",1.15,"n.d.","n.d.","n.d.","n.d.","n.d.","","n.d.","n.d.",NA,NA,"n.d.",NA,0.1,NA,NA,0,NA,"n.d.",NA,NA,"n.d.",NA,NA,0.4,NA,NA,NA,0,NA,NA,NA,"",0.2,"",189
"324",81,2002-08-06,2002,8,"Javier Gutierrez",200,1075,1.8,"0.4",921.7,"n.d.","n.d.","n.d.","n.d.",NA,1.6,35.3,3.2,NA,8,12,0.8,"n.d.",NA,7.2,"n.d.",NA,"n.d.","n.d.","n.d.","n.d.","n.d.","n.d.","n.d.","n.d.",NA,0.8,"n.d.",24.9,2.4,4,NA,13.6,NA,"n.d.",NA,NA,"n.d.",2.4,NA,12,NA,NA,35.3,1.6,NA,NA,NA,"n.d.",NA,"n.d.",217
"325",81,2002-08-06,2002,8,"Javier Gutierrez",500,143,1.28,"0.31",34.4,"n.d.","n.d.","n.d.","n.d.",NA,0.3,8.8,2.9,NA,0.2,2.6,1.9,"n.d.",NA,2,"",0.68,"n.d.","n.d.","n.d.","n.d.","n.d.","","n.d.","n.d.",NA,NA,"n.d.",2,0.2,1.7,NA,0.5,NA,"n.d.",NA,NA,"n.d.",0.2,NA,2.6,NA,NA,1.2,0.9,NA,NA,NA,"",NA,"",217
"362",82,2002-10-03,2002,10,"Javier Gutierrez",500,184,1.5,"0.36",84.6,"n.d.","n.d.","n.d.","n.d.",NA,4.5,3,2.7,1.2,2.1,28.4,2.1,"n.d.",NA,NA,"",4.48,"n.d.","n.d.","n.d.","n.d.","n.d.","","n.d.","n.d.",NA,0.3,"n.d.",0.3,NA,0.6,NA,2.1,1.5,"n.d.",NA,NA,"n.d.",NA,NA,28.4,NA,NA,0.6,2.4,NA,0.9,NA,"",1.2,"",275
"363",82,2002-10-03,2002,10,"Javier Gutierrez",200,2269,12.4,"5.7",2051.5,"n.d.","n.d.","n.d.","n.d.",NA,NA,52,23.6,9.5,NA,56.7,NA,"n.d.",NA,NA,"n.d.",NA,"n.d.","n.d.","n.d.","n.d.","n.d.","n.d.","n.d.","n.d.",NA,NA,"n.d.",NA,NA,NA,NA,18.9,NA,"n.d.",NA,NA,"n.d.",NA,NA,56.7,NA,NA,28.4,4.7,NA,NA,NA,"n.d.",NA,"n.d.",275
"400",83,2002-11-07,2002,11,"Javier Gutierrez",500,47,3.33,"1.06",34,"n.d.","n.d.","n.d.","n.d.",NA,0.4,0.8,0.3,0.3,0.1,1.4,2.1,"n.d.",NA,NA,"",3.34,"n.d.","n.d.","n.d.","n.d.","n.d.","","n.d.","n.d.",NA,NA,"n.d.",0.1,0.4,0.2,NA,0.8,NA,"n.d.",NA,NA,"n.d.",NA,NA,1.4,NA,NA,0.2,0.9,NA,NA,1.4,"",0.4,"",310
"401",83,2002-11-07,2002,11,"Javier Gutierrez",200,779,4.8,"1.1",736,"n.d.","n.d.","n.d.","n.d.",NA,2.1,9.5,NA,5.3,4.2,5.2,NA,"n.d.",NA,NA,"n.d.",4.2,"n.d.","n.d.","n.d.","n.d.","n.d.","n.d.","n.d.","n.d.",NA,NA,"n.d.",4.2,NA,1.1,NA,3.2,NA,"n.d.",NA,NA,"n.d.",NA,NA,5.2,NA,NA,NA,NA,NA,NA,4.2,"n.d.",NA,"n.d.",310
"438",84,2002-12-05,2002,12,"Javier Gutierrez",200,615,5.5,"1.6",454.4,"n.d.","n.d.","n.d.","n.d.",NA,NA,20.8,7.8,77.9,1.3,20.8,1.3,"n.d.",NA,NA,"n.d.",3.89,"n.d.","n.d.","n.d.","n.d.","n.d.","n.d.","n.d.","n.d.",NA,1.3,"n.d.",NA,NA,NA,NA,NA,NA,"n.d.",NA,NA,"n.d.",NA,NA,20.8,NA,NA,1.3,22.1,NA,NA,NA,"n.d.",2.6,"n.d.",338
"439",84,2002-12-05,2002,12,"Javier Gutierrez",500,41,1.9,"0.51",17.1,"n.d.","n.d.","n.d.","n.d.",NA,0.1,1.1,3.7,11,0.1,4.2,0.3,"n.d.",NA,NA,"",0.82,"n.d.","n.d.","n.d.","n.d.","n.d.","","n.d.","n.d.",NA,0.1,"n.d.",NA,NA,NA,NA,0.8,NA,"n.d.",NA,NA,"n.d.",NA,NA,4.2,NA,NA,0.1,1.8,NA,NA,NA,"",NA,"",338
"476",85,2003-01-14,2003,1,"Javier Gutierrez",200,740,12,"2.6",701.9,"n.d.","n.d.","n.d.","n.d.",NA,1.3,2.7,1.3,NA,NA,22.5,NA,"n.d.",NA,NA,"n.d.",NA,"n.d.","n.d.","n.d.","n.d.","n.d.","n.d.","n.d.","n.d.",NA,NA,"n.d.",NA,NA,1.3,NA,NA,NA,"n.d.",NA,NA,"n.d.",NA,NA,22.5,NA,NA,NA,1.3,NA,NA,8,"n.d.",NA,"n.d.",13
"477",85,2003-01-14,2003,1,"Javier Gutierrez",500,132,4.74,"1.11",96.7,"n.d.","n.d.","n.d.","n.d.",NA,1.6,0.7,3.3,1.3,NA,16.8,1.1,"n.d.",NA,NA,"",8.32,"n.d.","n.d.","n.d.","n.d.","n.d.","","n.d.","n.d.",NA,NA,"n.d.",0.1,NA,0.5,0.4,NA,NA,"n.d.",0.1,NA,"n.d.",NA,NA,16.8,NA,NA,NA,1,NA,NA,NA,"",0.2,"",13
"514",86,2003-02-11,2003,2,"Javier Gutierrez",200,168,11.8,"4.4",152.4,"n.d.","n.d.","n.d.","n.d.",NA,NA,4.6,4.6,1.3,NA,NA,NA,"n.d.",NA,NA,"n.d.",0.66,"n.d.","n.d.","n.d.","n.d.","n.d.","n.d.","n.d.","n.d.",NA,1.3,"n.d.",NA,2,NA,NA,NA,NA,"n.d.",NA,NA,"n.d.",NA,NA,NA,NA,NA,NA,NA,NA,NA,NA,"n.d.",0.7,"n.d.",41
"515",86,2003-02-11,2003,2,"Javier Gutierrez",500,57,8.74,"3.2",43.3,"n.d.","n.d.","n.d.","n.d.",NA,NA,NA,3.3,NA,1,NA,NA,"n.d.",2.8,NA,"",2.01,"n.d.","n.d.","n.d.","n.d.","n.d.","","n.d.","n.d.",NA,NA,"n.d.",1,1,NA,NA,NA,NA,"n.d.",NA,NA,"n.d.",NA,NA,NA,NA,NA,NA,NA,NA,2.3,NA,"",NA,"",41
"552",87,2003-03-11,2003,3,"Javier Gutierrez",500,79,11.38,"4",63.4,"n.d.","n.d.","n.d.","n.d.",NA,NA,0.4,2.5,1,0.2,NA,5.7,"n.d.",NA,NA,"",2.65,"n.d.","n.d.","n.d.","n.d.","n.d.","","n.d.","n.d.",NA,0.4,"n.d.",0.6,NA,NA,NA,2.4,NA,"n.d.",NA,NA,"n.d.",NA,NA,NA,NA,NA,0.2,0.2,NA,NA,NA,"",NA,"",69
"553",87,2003-03-11,2003,3,"Javier Gutierrez",200,1110,21.9,"4.9",1054.2,"n.d.","n.d.","n.d.","n.d.",NA,NA,15,12.9,12.9,NA,NA,NA,"n.d.",NA,NA,"n.d.",2.14,"n.d.","n.d.","n.d.","n.d.","n.d.","n.d.","n.d.","n.d.",NA,NA,"n.d.",NA,NA,NA,NA,12.9,NA,"n.d.",NA,NA,"n.d.",NA,NA,NA,NA,NA,NA,NA,NA,NA,NA,"n.d.",NA,"n.d.",69
"590",88,2003-04-08,2003,4,"Javier Gutierrez",200,215,12,"3.2",199.1,"n.d.","n.d.","n.d.","n.d.",NA,NA,NA,1.9,NA,0.9,2.8,6.5,"n.d.",NA,NA,"n.d.",0.93,"n.d.","n.d.","n.d.","n.d.","n.d.","n.d.","n.d.","n.d.",NA,2.8,"n.d.",NA,NA,NA,NA,NA,NA,"n.d.",NA,NA,"n.d.",NA,NA,2.8,NA,NA,NA,NA,NA,NA,NA,"n.d.",NA,"n.d.",97
"591",88,2003-04-08,2003,4,"Javier Gutierrez",500,107,8.42,"2.3",74.2,"n.d.","n.d.","n.d.","n.d.",NA,NA,NA,2.2,0.4,0.9,14.5,10.8,"n.d.",1.1,0.5,"",0.72,"n.d.","n.d.","n.d.","n.d.","n.d.","","n.d.","n.d.",NA,0.2,"n.d.",0.7,NA,NA,NA,NA,NA,"n.d.",0.5,NA,"n.d.",NA,NA,14.5,NA,NA,NA,NA,NA,NA,NA,"",0.2,"",97
"628",89,2003-05-13,2003,5,"Javier Gutierrez",200,307,11.3,"2.1",215.6,"n.d.","n.d.","n.d.","n.d.",NA,0.6,0.6,7.1,26,14.5,26.6,3.7,"n.d.",NA,NA,"n.d.",5.87,"n.d.","n.d.","n.d.","n.d.","n.d.","n.d.","n.d.","n.d.",NA,NA,"n.d.",NA,NA,NA,0.3,2.8,NA,"n.d.",0.9,NA,"n.d.",NA,NA,26.6,NA,NA,NA,1.2,NA,NA,NA,"n.d.",0.9,"n.d.",132
"629",89,2003-05-13,2003,5,"Javier Gutierrez",500,88,6.03,"0.98",63.9,"n.d.","n.d.","n.d.","n.d.",NA,0.4,0.9,1.4,7.4,2,4.8,0.2,"n.d.",NA,NA,"",3.88,"n.d.","n.d.","n.d.","n.d.","n.d.","","n.d.","n.d.",NA,NA,"n.d.",0.1,NA,NA,NA,1.8,NA,"n.d.",NA,NA,"n.d.",NA,NA,4.8,NA,NA,NA,0.8,NA,NA,0.2,"",0.1,"",132
"666",90,2003-06-10,2003,6,"Javier Gutierrez",200,363,13.6,"4.2",266.4,"n.d.","n.d.","n.d.","n.d.",NA,0.4,7.2,20.1,16.7,9.1,26.9,3.4,"n.d.",0.8,NA,"n.d.",4.93,"n.d.","n.d.","n.d.","n.d.","n.d.","n.d.","n.d.","n.d.",NA,1.1,"n.d.",1.5,0.8,NA,NA,4.2,NA,"n.d.",NA,NA,"n.d.",NA,NA,26.9,NA,NA,NA,NA,NA,NA,NA,"n.d.",NA,"n.d.",160
"667",90,2003-06-10,2003,6,"Javier Gutierrez",500,86,8.8,"3",63.8,"n.d.","n.d.","n.d.","n.d.",NA,0.3,0.5,2.2,0.2,1.3,9.5,1.3,"n.d.",0.5,0.2,"",4.76,"n.d.","n.d.","n.d.","n.d.","n.d.","","n.d.","n.d.",NA,NA,"n.d.",NA,NA,NA,NA,0.3,NA,"n.d.",0.5,NA,"n.d.",NA,NA,9.5,NA,NA,NA,NA,NA,NA,NA,"",0.6,"",160
"704",91,2003-07-08,2003,7,"Javier Gutierrez",500,65,5.25,"1.98",49.3,"n.d.","n.d.","n.d.","n.d.",NA,1.3,0.2,2.7,0.4,0.4,0.6,6.7,"n.d.",1.7,NA,"",1.25,"n.d.","n.d.","n.d.","n.d.","n.d.","","n.d.","n.d.",NA,NA,"n.d.",0.2,0.2,NA,NA,NA,NA,"n.d.",NA,NA,"n.d.",NA,NA,0.6,NA,NA,NA,NA,NA,NA,NA,"",NA,"",188
"705",91,2003-07-08,2003,7,"Javier Gutierrez",200,541,7.5,"1.7",452.8,"n.d.","n.d.","n.d.","n.d.",NA,NA,3,44.9,7.7,20.1,NA,0.6,"n.d.",1.8,NA,"n.d.",5.32,"n.d.","n.d.","n.d.","n.d.","n.d.","n.d.","n.d.","n.d.",NA,2.4,"n.d.",0.6,NA,NA,NA,NA,NA,"n.d.",NA,NA,"n.d.",NA,NA,NA,NA,NA,NA,NA,NA,NA,2.4,"n.d.",NA,"n.d.",188
"742",93,2003-09-09,2003,9,"Javier Gutierrez",500,57,4.82,"1.84",42.2,"n.d.","n.d.","n.d.","n.d.",NA,0.4,0.8,1.6,0.3,1.6,3.8,1.9,"n.d.",1.1,NA,"",2.41,"n.d.","n.d.","n.d.","n.d.","n.d.","","n.d.","n.d.",NA,NA,"n.d.",0.5,NA,NA,NA,0.4,NA,"n.d.",NA,NA,"n.d.",NA,NA,3.8,NA,NA,NA,NA,NA,NA,NA,"",0.7,"",251
"743",93,2003-09-09,2003,9,"Javier Gutierrez",200,453,8.6,"1.9",375,"n.d.","n.d.","n.d.","n.d.",NA,NA,2.7,7.1,10.7,6.3,23.2,6.3,"n.d.",5.4,NA,"n.d.",6.25,"n.d.","n.d.","n.d.","n.d.","n.d.","n.d.","n.d.","n.d.",NA,NA,"n.d.",NA,NA,NA,NA,1.8,NA,"n.d.",NA,NA,"n.d.",NA,NA,23.2,NA,NA,2.7,4.5,NA,NA,NA,"n.d.",0.9,"n.d.",251
"780",94,2003-11-11,2003,11,"Javier Gutierrez",200,354,4.3,"1.7",323.1,"n.d.","n.d.","n.d.","n.d.",NA,NA,NA,2.8,2.8,5.6,9.9,2.8,"n.d.",1.4,NA,"n.d.",1.41,"n.d.","n.d.","n.d.","n.d.","n.d.","n.d.","n.d.","n.d.",NA,NA,"n.d.",2.8,NA,NA,NA,NA,NA,"n.d.",NA,NA,"n.d.",NA,NA,9.9,NA,NA,NA,NA,NA,NA,1.4,"n.d.",NA,"n.d.",314
"781",94,2003-11-11,2003,11,"Javier Gutierrez",500,62,3.07,"0.83",44.8,"n.d.","n.d.","n.d.","n.d.",NA,0.4,0.2,3.2,0.4,0.5,3.5,5.6,"n.d.",0.5,0.2,"",2.12,"n.d.","n.d.","n.d.","n.d.","n.d.","","n.d.","n.d.",NA,NA,"n.d.",0.2,NA,NA,0.2,NA,NA,"n.d.",NA,NA,"n.d.",NA,NA,3.5,NA,NA,NA,NA,NA,NA,NA,"",NA,"",314
"818",95,2003-12-09,2003,12,"Javier Gutierrez",200,579,9.1,"2.8",449.6,"n.d.","n.d.","n.d.","n.d.",NA,NA,2.3,12.7,48.6,1.2,47.4,4.6,"n.d.",NA,NA,"n.d.",2.31,"n.d.","n.d.","n.d.","n.d.","n.d.","n.d.","n.d.","n.d.",NA,NA,"n.d.",6.9,NA,NA,1.2,2.3,NA,"n.d.",NA,NA,"n.d.",NA,NA,47.4,NA,NA,NA,NA,NA,NA,NA,"n.d.",NA,"n.d.",342
"819",95,2003-12-09,2003,12,"Javier Gutierrez",500,68,3.91,"2.14",28.4,"n.d.","n.d.","n.d.","n.d.",NA,0.4,0.6,2.2,5.4,2.4,22,1.2,"n.d.",1.1,0.1,"",0.59,"n.d.","n.d.","n.d.","n.d.","n.d.","","n.d.","n.d.",NA,NA,"n.d.",0.9,NA,NA,0.1,0.5,NA,"n.d.",NA,NA,"n.d.",NA,NA,22,NA,NA,0.1,1.1,NA,NA,0.1,"",0.7,"",342
"856",96,2004-01-13,2004,1,"Javier Gutierrez",500,74,2.83,"0.6",52.9,"n.d.","n.d.","n.d.","n.d.",NA,0.3,1.8,8.2,1.7,NA,0.5,1.1,"n.d.",NA,NA,"3.2",5.29,"n.d.","n.d.","n.d.","n.d.","n.d.","","n.d.","n.d.",NA,NA,"n.d.",NA,NA,NA,NA,NA,0.2,"n.d.",NA,NA,"n.d.",2.3,NA,0.5,NA,NA,NA,NA,NA,NA,NA,"",NA,"",12
"857",96,2004-01-13,2004,1,"Javier Gutierrez",200,574,10.7,"2.6",466.2,"n.d.","n.d.","n.d.","n.d.",NA,NA,1.5,4.5,9,3,3,3,"n.d.",NA,NA,"n.d.",16.49,"n.d.","n.d.","n.d.","n.d.","n.d.","n.d.","n.d.","n.d.",NA,NA,"n.d.",1.5,NA,NA,NA,3,NA,"n.d.",NA,NA,"n.d.",63,NA,3,NA,NA,NA,NA,NA,NA,NA,"n.d.",NA,"n.d.",12
"896",97,2004-02-08,2004,2,"Javier Gutierrez",500,35,3.31,"1.14",22.3,"n.d.","n.d.","n.d.","n.d.",NA,0.1,NA,2.5,0.7,4.3,1.4,0.8,"n.d.",NA,NA,"0.1",2.75,"n.d.","n.d.","n.d.","n.d.","n.d.","","n.d.","n.d.",NA,0.1,"n.d.",0.1,NA,NA,NA,NA,NA,"n.d.",NA,NA,"n.d.",NA,NA,1.4,NA,NA,NA,NA,NA,NA,NA,"",NA,"",38
"897",97,2004-02-08,2004,2,"Javier Gutierrez",200,277,5.6,"1.3",228.7,"n.d.","n.d.","n.d.","n.d.",NA,NA,7.5,2.1,17.8,NA,NA,NA,"n.d.",NA,NA,"n.d.",7.53,"n.d.","n.d.","n.d.","n.d.","n.d.","n.d.","n.d.","n.d.",NA,2.7,"n.d.",NA,3.4,NA,NA,7.5,NA,"n.d.",NA,NA,"n.d.",NA,NA,NA,NA,NA,NA,NA,NA,NA,NA,"n.d.",NA,"n.d.",38
"934",98,2004-03-08,2004,3,"Javier Gutierrez",200,627,6.2,"1.8",567.2,"n.d.","n.d.","n.d.","n.d.",NA,NA,NA,3,17.8,NA,4.5,5.9,"n.d.",NA,NA,"n.d.",17.82,"n.d.","n.d.","n.d.","n.d.","n.d.","n.d.","n.d.","n.d.",NA,NA,"n.d.",1.5,3,NA,NA,5.9,NA,"n.d.",NA,NA,"n.d.",NA,NA,4.5,NA,NA,NA,NA,NA,NA,NA,"n.d.",NA,"n.d.",67
"935",98,2004-03-08,2004,3,"Javier Gutierrez",500,48,4.76,"2.13",39.6,"n.d.","n.d.","n.d.","n.d.",NA,0.7,0.3,0.9,1.6,0.3,0.3,NA,"n.d.",NA,NA,"0.4",2.44,"n.d.","n.d.","n.d.","n.d.","n.d.","","n.d.","n.d.",NA,NA,"n.d.",0.3,NA,NA,NA,0.7,NA,"n.d.",NA,NA,"n.d.",NA,NA,0.3,NA,NA,NA,0.7,NA,NA,NA,"",NA,"",67
"972",99,2004-04-06,2004,4,"Javier Gutierrez",200,434,18.3,"5.1",409.9,"n.d.","n.d.","n.d.","n.d.",NA,NA,3.1,10.7,NA,NA,1.5,1.5,"n.d.",NA,NA,"n.d.",3.07,"n.d.","n.d.","n.d.","n.d.","n.d.","n.d.","n.d.","n.d.",NA,NA,"n.d.",3.1,NA,NA,NA,NA,NA,"n.d.",NA,NA,"n.d.",NA,NA,1.5,NA,NA,NA,NA,NA,NA,NA,"n.d.",NA,"n.d.",96
"973",99,2004-04-06,2004,4,"Javier Gutierrez",500,77,10.59,"4.36",69.1,"n.d.","n.d.","n.d.","n.d.",NA,NA,0.5,4.3,NA,NA,0.5,0.3,"n.d.",NA,NA,"",1.34,"n.d.","n.d.","n.d.","n.d.","n.d.","0.2","n.d.","n.d.",NA,NA,"n.d.",0.5,NA,0.3,NA,NA,NA,"n.d.",NA,NA,"n.d.",NA,NA,0.5,NA,NA,NA,NA,NA,NA,NA,"",NA,"",96
"1010",100,2004-05-13,2004,5,"Javier Gutierrez",200,15,11.5,"4.1",1.2,"n.d.","n.d.","n.d.","n.d.",NA,NA,NA,1.2,1.3,3.7,1.2,1.3,"n.d.",NA,NA,"n.d.",3.74,"n.d.","n.d.","n.d.","n.d.","n.d.","n.d.","n.d.","n.d.",NA,NA,"n.d.",NA,NA,NA,NA,1.3,NA,"n.d.",NA,NA,"n.d.",NA,NA,1.2,NA,NA,NA,NA,NA,NA,NA,"n.d.",NA,"n.d.",133
"1011",100,2004-05-13,2004,5,"Javier Gutierrez",500,45,5.11,"2.82",38.9,"n.d.","n.d.","n.d.","n.d.",NA,0.4,NA,0.7,0.7,0.7,1,1.3,"n.d.",NA,NA,"",0.6,"n.d.","n.d.","n.d.","n.d.","n.d.","","n.d.","n.d.",NA,NA,"n.d.",NA,NA,NA,NA,NA,NA,"n.d.",NA,NA,"n.d.",NA,NA,1,NA,NA,NA,NA,0.4,NA,NA,"",NA,"",133
"1048",101,2004-06-08,2004,6,"Javier Gutierrez",500,75,10.72,"4.29",43,"n.d.","n.d.","n.d.","n.d.",NA,1.3,7.2,1.4,NA,NA,2.9,10.4,"n.d.",1.6,NA,"",1.41,"n.d.","n.d.","n.d.","n.d.","n.d.","","n.d.","n.d.",NA,0.3,"n.d.",0.4,1.3,NA,NA,0.1,NA,"n.d.",NA,NA,"n.d.",NA,NA,2.9,NA,NA,1.3,NA,2.4,NA,NA,"",0.1,"",159
"1049",101,2004-06-08,2004,6,"Javier Gutierrez",200,395,14,"3.9",302.1,"n.d.","n.d.","n.d.","n.d.",NA,5,9,2,NA,4,7,6,"n.d.",NA,NA,"n.d.",3.99,"n.d.","n.d.","n.d.","n.d.","n.d.","n.d.","n.d.","n.d.",NA,1,"n.d.",1,7,NA,NA,NA,NA,"n.d.",NA,NA,"n.d.",NA,NA,7,NA,NA,36.9,NA,10,NA,NA,"n.d.",NA,"n.d.",159
"1086",102,2004-07-07,2004,7,"Javier Gutierrez",200,116,18.2,"5.6",88.1,"n.d.","n.d.","n.d.","n.d.",NA,NA,2.7,1.4,2.3,NA,NA,16.9,"n.d.",0.9,NA,"n.d.",1.83,"n.d.","n.d.","n.d.","n.d.","n.d.","n.d.","n.d.","n.d.",NA,1.8,"n.d.",NA,NA,NA,NA,NA,NA,"n.d.",NA,NA,"n.d.",NA,NA,NA,NA,NA,NA,NA,NA,NA,NA,"n.d.",NA,"n.d.",188
"1087",102,2004-07-07,2004,7,"Javier Gutierrez",500,41,7.91,"2.33",4,"n.d.","n.d.","n.d.","n.d.",NA,0.7,0.6,NA,NA,NA,NA,7.6,"n.d.",NA,NA,"",0.64,"n.d.","n.d.","n.d.","n.d.","n.d.","","n.d.","n.d.",NA,0.2,"n.d.",0.2,NA,NA,0.2,NA,NA,"n.d.",NA,NA,"n.d.",NA,NA,NA,NA,NA,NA,NA,NA,NA,NA,"",0.1,"",188
"1124",103,2004-08-10,2004,8,"Javier Gutierrez",200,433,15.8,"3.9",405,"n.d.","n.d.","n.d.","n.d.",NA,0.5,0.5,2.1,4.7,6.3,1.6,5.2,"n.d.",NA,NA,"n.d.",3.14,"n.d.","n.d.","n.d.","n.d.","n.d.","n.d.","n.d.","n.d.",NA,0.5,"n.d.",NA,NA,NA,NA,1.6,NA,"n.d.",NA,NA,"n.d.",NA,NA,1.6,NA,NA,NA,NA,1.1,NA,NA,"n.d.",1.1,"n.d.",222
"1125",103,2004-08-10,2004,8,"Javier Gutierrez",500,55,8.86,"2.95",44.9,"n.d.","n.d.","n.d.","n.d.",NA,1.3,NA,0.6,0.6,1,0.9,3.7,"n.d.",NA,NA,"",1.63,"n.d.","n.d.","n.d.","n.d.","n.d.","","n.d.","n.d.",NA,0.1,"n.d.",NA,0.1,NA,NA,0.2,NA,"n.d.",NA,NA,"n.d.",NA,NA,0.9,NA,NA,NA,NA,NA,NA,NA,"",0.4,"",222
"1162",104,2004-09-07,2004,9,"Javier Gutierrez",200,1083,11.4,"2.4",937.4,"n.d.","n.d.","n.d.","n.d.",NA,NA,9,NA,30.6,NA,12.6,5.4,"n.d.",NA,NA,"n.d.",21.63,"n.d.","n.d.","n.d.","n.d.","n.d.","n.d.","n.d.","n.d.",NA,NA,"n.d.",NA,NA,NA,NA,12.6,NA,"n.d.",NA,NA,"n.d.",NA,10.8,12.6,NA,NA,30.6,NA,12.6,NA,NA,"n.d.",NA,"n.d.",250
"1163",104,2004-09-07,2004,9,"Javier Gutierrez",500,74,3.24,"1.05",52,"n.d.","n.d.","n.d.","n.d.",NA,NA,0.7,4.2,2.2,0.3,3.8,2.2,"n.d.",NA,NA,"",3.74,"n.d.","n.d.","n.d.","n.d.","n.d.","","n.d.","n.d.",NA,NA,"n.d.",NA,0.7,NA,0.1,1.1,NA,"n.d.",NA,0.1,"n.d.",NA,NA,3.8,NA,NA,1.7,NA,0.5,NA,NA,"",0.7,"",250
"1200",105,2004-10-05,2004,1,"Javier Gutierrez",500,27,2.81,"1.11",22.1,"n.d.","n.d.","n.d.","n.d.",NA,0.2,0.2,0.5,0.1,0.2,2.1,0.2,"n.d.",NA,NA,"",1.04,"n.d.","n.d.","n.d.","n.d.","n.d.","","n.d.","n.d.",NA,NA,"n.d.",0.1,0.1,NA,NA,0.2,NA,"n.d.",NA,NA,"n.d.",NA,NA,2.1,NA,NA,0.7,NA,0.1,NA,0.1,"",NA,"",278
"1201",105,2004-10-05,2004,10,"Javier Gutierrez",200,199,5.4,"1.1",179.1,"n.d.","n.d.","n.d.","n.d.",NA,NA,2.3,0.8,1.6,3.1,9.3,0.8,"n.d.",NA,NA,"n.d.",NA,"n.d.","n.d.","n.d.","n.d.","n.d.","n.d.","n.d.","n.d.",NA,0.8,"n.d.",NA,NA,NA,NA,NA,NA,"n.d.",NA,NA,"n.d.",NA,NA,9.3,NA,NA,0.8,NA,NA,NA,NA,"n.d.",NA,"n.d.",278
"1238",106,2004-11-09,2004,11,"Javier Gutierrez",500,17,2.99,"2.43",13.8,"n.d.","n.d.","n.d.","n.d.",NA,0.1,0.1,0.7,0.1,NA,1,NA,"n.d.",NA,NA,"",0.59,"n.d.","n.d.","n.d.","n.d.","n.d.","","n.d.","n.d.",NA,NA,"n.d.",0.1,0.1,NA,0.1,NA,NA,"n.d.",NA,NA,"n.d.",NA,NA,1,NA,NA,NA,NA,0.1,NA,NA,"",NA,"",313
"1239",106,2004-11-09,2004,11,"Javier Gutierrez",200,191,3.4,"1.4",158.5,"n.d.","n.d.","n.d.","n.d.",NA,NA,12.5,4.8,6.2,0.5,2.4,0.5,"n.d.",NA,NA,"n.d.",0.96,"n.d.","n.d.","n.d.","n.d.","n.d.","n.d.","n.d.","n.d.",NA,0.5,"n.d.",NA,NA,2.4,NA,1,NA,"n.d.",NA,NA,"n.d.",NA,NA,2.4,NA,NA,NA,NA,NA,NA,NA,"n.d.",0.5,"n.d.",313
"1276",107,2004-12-07,2004,12,"Javier Gutierrez",500,25,1.95,"0.47",15.8,"n.d.","n.d.","n.d.","n.d.",NA,0.2,2.4,2.2,0.5,NA,1.1,0.2,"n.d.",NA,NA,"",1.39,"n.d.","n.d.","n.d.","n.d.","n.d.","","n.d.","n.d.",NA,0.8,"n.d.",NA,NA,NA,0.1,0.4,NA,"n.d.",NA,NA,"n.d.",NA,NA,1.1,NA,NA,0.1,0.1,0.1,NA,NA,"",0.3,"",341
"1277",107,2004-12-07,2004,12,"Javier Gutierrez",200,326,5.8,"2.0",284.1,"n.d.","n.d.","n.d.","n.d.",NA,1,1,7.8,9.7,NA,11.6,1,"n.d.",NA,NA,"n.d.",0.97,"n.d.","n.d.","n.d.","n.d.","n.d.","n.d.","n.d.","n.d.",NA,NA,"n.d.",1.9,NA,NA,NA,NA,NA,"n.d.",1,NA,"n.d.",NA,NA,11.6,NA,NA,5.8,NA,NA,NA,NA,"n.d.",NA,"n.d.",341
"1314",108,2005-01-11,2005,1,"Javier Gutierrez",200,168,6,"1.7",161.7,"n.d.","n.d.","n.d.","n.d.",NA,NA,NA,0.4,1.6,0.8,0.8,0.4,"n.d.",NA,NA,"n.d.",1.55,"n.d.","n.d.","n.d.","n.d.","n.d.","n.d.","n.d.","n.d.",NA,NA,"n.d.",NA,NA,NA,NA,0.4,NA,"n.d.",NA,NA,"n.d.",NA,NA,0.8,NA,NA,0.4,NA,NA,NA,NA,"n.d.",NA,"n.d.",10
"1315",108,2005-01-11,2005,1,"Javier Gutierrez",500,31,2.96,"1.1",22.2,"n.d.","n.d.","n.d.","n.d.",NA,0.3,1.1,1.6,0.4,3.2,0.1,0.4,"n.d.",0.1,NA,"",1.12,"n.d.","n.d.","n.d.","n.d.","n.d.","","n.d.","n.d.",NA,0.1,"n.d.",0.3,0.2,NA,NA,0.1,NA,"n.d.",NA,NA,"n.d.",NA,NA,0.1,NA,NA,NA,NA,NA,NA,NA,"",0.3,"",10
"1352",109,2005-02-10,2005,2,"Javier Gutierrez",500,42,7.09,"1.64",38,"n.d.","n.d.","n.d.","n.d.",NA,NA,NA,0.5,NA,0.9,NA,1.8,"n.d.",0.4,NA,"",0.48,"n.d.","n.d.","n.d.","n.d.","n.d.","","n.d.","n.d.",NA,0.1,"n.d.",NA,NA,NA,NA,NA,NA,"n.d.",NA,NA,"n.d.",NA,NA,NA,NA,NA,NA,NA,NA,NA,NA,"",NA,"",40
"1353",109,2005-02-10,2005,2,"Javier Gutierrez",200,98,9.8,"2.2",88.7,"n.d.","n.d.","n.d.","n.d.",NA,1.7,0.6,NA,5.6,NA,NA,1.1,"n.d.",NA,NA,"n.d.",NA,"n.d.","n.d.","n.d.","n.d.","n.d.","n.d.","n.d.","n.d.",NA,NA,"n.d.",NA,NA,NA,NA,NA,NA,"n.d.",NA,NA,"n.d.",NA,NA,NA,NA,NA,NA,NA,NA,NA,NA,"n.d.",NA,"n.d.",40
"1390",110,2005-03-08,2005,3,"Javier Gutierrez",500,51,5.97,"2.03",41.9,"n.d.","n.d.","n.d.","n.d.",NA,0.1,0.4,0.5,1,0.8,1,2.2,"n.d.",0.1,NA,"",2.15,"n.d.","n.d.","n.d.","n.d.","n.d.","","n.d.","n.d.",NA,NA,"n.d.",NA,0.1,NA,0.1,0.3,NA,"n.d.",NA,NA,"n.d.",NA,NA,1,NA,NA,NA,NA,0.3,NA,NA,"",0.2,"",66
"1391",110,2005-03-08,2005,3,"Javier Gutierrez",200,375,13.7,"2.9",336.1,"n.d.","n.d.","n.d.","n.d.",NA,NA,1.7,1.7,11.9,17.6,0.6,4.5,"n.d.",NA,NA,"n.d.",0.57,"n.d.","n.d.","n.d.","n.d.","n.d.","n.d.","n.d.","n.d.",NA,NA,"n.d.",NA,NA,NA,NA,NA,NA,"n.d.",NA,NA,"n.d.",NA,NA,0.6,NA,NA,NA,NA,NA,NA,NA,"n.d.",NA,"n.d.",66
"1428",111,2005-04-05,2005,4,"Javier Gutierrez",500,66,7.48,"3.01",49.9,"n.d.","n.d.","n.d.","n.d.",NA,NA,1.8,0.4,0.4,NA,2.7,2.2,"n.d.",NA,NA,"",7.6,"n.d.","n.d.","n.d.","n.d.","n.d.","","n.d.","n.d.",NA,NA,"n.d.",0.4,NA,0.9,NA,0.4,NA,"n.d.",NA,NA,"n.d.",NA,NA,2.7,NA,NA,NA,NA,NA,NA,NA,"",NA,"",94
"1429",111,2005-04-05,2005,4,"Javier Gutierrez",200,271,10.9,"2.5",229.2,"n.d.","n.d.","n.d.","n.d.",NA,NA,3.4,5.1,0.9,NA,6.8,9.3,"n.d.",0.9,NA,"n.d.",13.53,"n.d.","n.d.","n.d.","n.d.","n.d.","n.d.","n.d.","n.d.",NA,NA,"n.d.",NA,NA,NA,NA,0.9,NA,"n.d.",NA,0.9,"n.d.",NA,NA,6.8,NA,NA,NA,NA,NA,NA,NA,"n.d.",NA,"n.d.",94
"1466",112,2005-05-10,2005,5,"Javier Gutierrez",200,220,9.9,"2.4",209,"n.d.","n.d.","n.d.","n.d.",NA,NA,NA,NA,NA,NA,8.4,1.4,"n.d.",NA,NA,"n.d.",NA,"n.d.","n.d.","n.d.","n.d.","n.d.","n.d.","n.d.","n.d.",NA,NA,"n.d.",NA,0.7,NA,NA,0.7,NA,"n.d.",NA,NA,"n.d.",NA,NA,8.4,NA,NA,NA,NA,NA,NA,NA,"n.d.",NA,"n.d.",129
"1467",112,2005-05-10,2005,5,"Javier Gutierrez",500,65,6.4,"2.02",59.2,"n.d.","n.d.","n.d.","n.d.",NA,0.7,NA,1.9,NA,NA,NA,1.9,"n.d.",NA,NA,"",0.37,"n.d.","n.d.","n.d.","n.d.","n.d.","","n.d.","n.d.",NA,NA,"n.d.",NA,NA,NA,0.4,0.7,NA,"n.d.",NA,NA,"n.d.",NA,NA,NA,NA,NA,NA,NA,NA,NA,NA,"",NA,"",129
"1504",113,2005-06-14,2005,6,"Javier Gutierrez",200,564,6.2,"1.6",512.3,"n.d.","n.d.","n.d.","n.d.",NA,1,NA,6.2,17.5,9.3,NA,2.1,"n.d.",NA,NA,"n.d.",4.12,"n.d.","n.d.","n.d.","n.d.","n.d.","n.d.","n.d.","n.d.",NA,1,"n.d.",NA,NA,NA,NA,4.1,NA,"n.d.",NA,1,"n.d.",NA,NA,NA,NA,NA,4.1,NA,1,NA,NA,"n.d.",NA,"n.d.",164
"1505",113,2005-06-14,2005,6,"Javier Gutierrez",500,62,6.04,"2.53",54.3,"n.d.","n.d.","n.d.","n.d.",NA,0.5,NA,1,0.5,0.5,NA,2.5,"n.d.",NA,NA,"",1.98,"n.d.","n.d.","n.d.","n.d.","n.d.","","n.d.","n.d.",NA,NA,"n.d.",NA,NA,NA,NA,NA,NA,"n.d.",NA,NA,"n.d.",NA,NA,NA,NA,NA,0.5,NA,NA,NA,NA,"",NA,"",164
"1542",114,2005-07-12,2005,7,"Javier Gutierrez",200,291,8.2,"1.9",265.9,"n.d.","n.d.","n.d.","n.d.",NA,2.8,NA,2.8,NA,6.5,NA,5.6,"n.d.",NA,NA,"n.d.",1.85,"n.d.","n.d.","n.d.","n.d.","n.d.","n.d.","n.d.","n.d.",NA,3.7,"n.d.",NA,NA,NA,NA,0.9,NA,"n.d.",NA,NA,"n.d.",NA,NA,NA,NA,NA,NA,NA,NA,NA,NA,"n.d.",0.9,"n.d.",192
"1543",114,2005-07-12,2005,7,"Javier Gutierrez",500,50,3.07,"1.66",4.5,"n.d.","n.d.","n.d.","n.d.",NA,NA,1.2,0.7,0.5,1.7,2.4,1.3,"n.d.",NA,NA,"",0.82,"n.d.","n.d.","n.d.","n.d.","n.d.","","n.d.","n.d.",NA,NA,"n.d.",NA,NA,NA,NA,NA,NA,"n.d.",NA,NA,"n.d.",NA,NA,2.4,NA,NA,NA,NA,0.5,NA,NA,"",0.7,"",192
"1580",115,2005-08-10,2005,8,"Javier Gutierrez",500,72,2.03,"0.47",58.9,"n.d.","n.d.","n.d.","n.d.",NA,0.8,1.1,0.8,1.3,1.5,1,3.9,"n.d.",NA,NA,"",1.5,"n.d.","n.d.","n.d.","n.d.","n.d.","","n.d.","n.d.",NA,NA,"n.d.",NA,NA,NA,NA,0.3,NA,"n.d.",NA,NA,"n.d.",NA,NA,1,NA,NA,NA,NA,0.3,NA,NA,"",0.2,"",221
"1581",115,2005-08-10,2005,8,"Javier Gutierrez",200,505,5.6,"0.9",451.9,"n.d.","n.d.","n.d.","n.d.",NA,NA,NA,5.6,6.6,15,NA,11.3,"n.d.",NA,NA,"n.d.",8.44,"n.d.","n.d.","n.d.","n.d.","n.d.","n.d.","n.d.","n.d.",NA,NA,"n.d.",NA,NA,NA,NA,NA,NA,"n.d.",NA,NA,"n.d.",NA,NA,NA,NA,NA,NA,NA,3.8,NA,NA,"n.d.",2.8,"n.d.",221
"1618",117,2005-12-15,2005,12,"Javier Gutierrez",200,489,10.7,"",411,"n.d.","n.d.","n.d.","n.d.",NA,0.9,NA,9.5,21.5,13.8,12.9,NA,"n.d.",NA,NA,"n.d.",10.34,"n.d.","n.d.","n.d.","n.d.","n.d.","n.d.","n.d.","n.d.",NA,NA,"n.d.",NA,NA,NA,NA,3.5,NA,"n.d.",NA,NA,"n.d.",NA,NA,12.9,NA,NA,NA,NA,NA,NA,NA,"n.d.",6,"n.d.",348
"1619",117,2005-12-15,2005,12,"Javier Gutierrez",500,62,4.46,"n.d.",48.2,"n.d.","n.d.","n.d.","n.d.",NA,1.1,0.6,2.4,NA,2.1,2.1,NA,"n.d.",NA,NA,"",1.6,"n.d.","n.d.","n.d.","n.d.","n.d.","","n.d.","n.d.",NA,NA,"n.d.",0.2,NA,3.7,0.1,NA,NA,"n.d.",NA,NA,"n.d.",NA,NA,2.1,NA,NA,NA,NA,NA,NA,NA,"",0.5,"",348
"1656",118,2006-01-12,2006,1,"Javier Gutierrez",200,497,17.5,"7.1",440.8,"n.d.","n.d.","n.d.","n.d.",NA,1.6,1.6,28.1,NA,8.8,9.6,4.8,"n.d.",NA,NA,"n.d.",1.6,"n.d.","n.d.","n.d.","n.d.","n.d.","n.d.","n.d.","n.d.",NA,NA,"n.d.",NA,NA,NA,NA,NA,NA,"n.d.",NA,NA,"n.d.",NA,NA,9.6,NA,NA,NA,NA,NA,NA,NA,"n.d.",NA,"n.d.",11
"1657",118,2006-01-12,2006,1,"Javier Gutierrez",500,66,7.5,"3",59,"n.d.","n.d.","n.d.","n.d.",NA,NA,NA,3.1,0.3,NA,0.6,1.4,"n.d.",0.4,NA,"",0.97,"n.d.","n.d.","n.d.","n.d.","n.d.","","n.d.","n.d.",NA,0.2,"n.d.",0.2,NA,NA,NA,0.3,NA,"n.d.",0.1,NA,"n.d.",NA,NA,0.6,NA,NA,NA,NA,NA,NA,NA,"",NA,"",11
"1694",119,2006-02-07,2006,2,"Javier Gutierrez",200,384,19.3,"5.5",351,"n.d.","n.d.","n.d.","n.d.",NA,NA,1.9,8.4,5.6,NA,1.9,2.8,"n.d.",NA,NA,"n.d.",2.79,"n.d.","n.d.","n.d.","n.d.","n.d.","n.d.","n.d.","n.d.",NA,7.4,"n.d.",NA,NA,NA,NA,NA,NA,"n.d.",NA,NA,"n.d.",NA,NA,1.9,NA,NA,NA,0.9,NA,NA,0.9,"n.d.",NA,"n.d.",37
"1695",119,2006-02-07,2006,2,"Javier Gutierrez",500,55,10.45,"5",47.4,"n.d.","n.d.","n.d.","n.d.",NA,NA,0.9,1.1,1.3,NA,0.7,1.1,"n.d.",NA,NA,"",1.5,"n.d.","n.d.","n.d.","n.d.","n.d.","0.1","n.d.","n.d.",NA,0.7,"n.d.",NA,NA,NA,NA,NA,NA,"n.d.",0.1,NA,"n.d.",NA,NA,0.7,NA,NA,NA,0.3,NA,NA,NA,"",0.5,"",37
"1732",120,2006-03-16,2006,3,"Javier Gutierrez",500,75,12.62,"5.38",64.5,"n.d.","n.d.","n.d.","n.d.",NA,0.6,0.8,1.2,0.3,1.2,1.7,1.7,"n.d.",0.2,NA,"",1.65,"n.d.","n.d.","n.d.","n.d.","n.d.","","n.d.","n.d.",NA,NA,"n.d.",NA,0.4,NA,NA,NA,NA,"n.d.",0.1,NA,"n.d.",NA,NA,1.7,NA,NA,NA,NA,0.1,NA,NA,"",0.7,"",74
"1733",120,2006-03-16,2006,3,"Javier Gutierrez",200,549,12.2,"3.5",474.4,"n.d.","n.d.","n.d.","n.d.",NA,NA,4.3,3.2,NA,15,29.9,4.3,"n.d.",3.2,NA,"n.d.",11.75,"n.d.","n.d.","n.d.","n.d.","n.d.","n.d.","n.d.","n.d.",NA,NA,"n.d.",NA,1.1,NA,NA,NA,NA,"n.d.",NA,NA,"n.d.",NA,NA,29.9,NA,NA,NA,NA,NA,NA,NA,"n.d.",2.1,"n.d.",74
"1770",121,2006-04-04,2006,4,"Javier Gutierrez",500,91,7.23,"2.14",81,"n.d.","n.d.","n.d.","n.d.",NA,NA,0.8,2.4,0.7,1.5,1.7,0.8,"n.d.",0.4,NA,"",0.97,"n.d.","n.d.","n.d.","n.d.","n.d.","","n.d.","n.d.",NA,NA,"n.d.",NA,NA,NA,0.3,0.8,NA,"n.d.",NA,NA,"n.d.",NA,NA,1.7,NA,NA,NA,NA,NA,NA,NA,"",NA,"",93
"1771",121,2006-04-04,2006,4,"Javier Gutierrez",200,610,17.7,"4.5",569.2,"n.d.","n.d.","n.d.","n.d.",NA,NA,4.1,13.6,2.7,4.1,8.1,1.4,"n.d.",NA,NA,"n.d.",6.78,"n.d.","n.d.","n.d.","n.d.","n.d.","n.d.","n.d.","n.d.",NA,NA,"n.d.",NA,NA,NA,NA,NA,NA,"n.d.",NA,NA,"n.d.",NA,NA,8.1,NA,NA,NA,NA,NA,NA,NA,"n.d.",NA,"n.d.",93
"1808",122,2006-05-10,2006,5,"Javier Gutierrez",200,217,14,"7.3",178.8,"n.d.","n.d.","n.d.","n.d.",NA,1.9,NA,5.8,5.8,NA,6.8,2.9,"n.d.",NA,NA,"n.d.",5.8,"n.d.","n.d.","n.d.","n.d.","n.d.","n.d.","n.d.","n.d.",NA,1.9,"n.d.",NA,NA,NA,NA,NA,NA,"n.d.",NA,NA,"n.d.",5.8,NA,6.8,NA,NA,NA,NA,NA,NA,NA,"n.d.",1.9,"n.d.",129
"1809",122,2006-05-10,2006,5,"Javier Gutierrez",500,28,7.97,"0.4",23.2,"n.d.","n.d.","n.d.","n.d.",NA,0.3,0.7,0.6,0.3,0.2,1.2,0.8,"n.d.",NA,NA,"",0.3,"n.d.","n.d.","n.d.","n.d.","n.d.","0.2","n.d.","n.d.",NA,NA,"n.d.",NA,NA,NA,NA,0.2,NA,"n.d.",NA,NA,"n.d.",NA,NA,1.2,NA,NA,NA,NA,NA,NA,NA,"",0.2,"",129
"1846",123,2006-06-06,2006,6,"Javier Gutierrez",200,216,10,"",183.2,"n.d.","n.d.","n.d.","n.d.",NA,1.3,3.3,2,NA,NA,6.7,2.7,"n.d.",NA,NA,"n.d.",4,"n.d.","n.d.","n.d.","n.d.","n.d.","n.d.","n.d.","n.d.",NA,NA,"n.d.",1.3,NA,NA,NA,NA,NA,"n.d.",NA,NA,"n.d.",NA,NA,6.7,NA,NA,7.3,NA,4,NA,NA,"n.d.",NA,"n.d.",156
"1847",123,2006-06-06,2006,6,"Javier Gutierrez",500,28,2.53,"",20.7,"n.d.","n.d.","n.d.","n.d.",NA,0.4,0.7,0.7,NA,NA,1.1,0.8,"n.d.",0.8,NA,"",0.78,"n.d.","n.d.","n.d.","n.d.","n.d.","","n.d.","n.d.",NA,0.1,"n.d.",NA,0.1,NA,NA,0.1,NA,"n.d.",NA,NA,"n.d.",NA,NA,1.1,NA,NA,0.5,NA,0.8,NA,NA,"",0.3,"",156
"1884",124,2006-07-04,2006,7,"Javier Gutierrez",500,20,1.3,"0.3",16.3,"n.d.","n.d.","n.d.","n.d.",NA,0.4,0.4,0.4,0.1,0.2,0.4,1,"n.d.",0.2,NA,"",0.29,"n.d.","n.d.","n.d.","n.d.","n.d.","","n.d.","n.d.",NA,NA,"n.d.",0.1,NA,NA,NA,NA,NA,"n.d.",0.1,0.1,"n.d.",NA,NA,0.4,NA,NA,NA,NA,NA,NA,NA,"",0.2,"",184
"1885",124,2006-07-04,2006,7,"Javier Gutierrez",200,170,4,"1.0",129.8,"n.d.","n.d.","n.d.","n.d.",NA,1.8,4.8,3.6,1.8,3.6,NA,8.5,"n.d.",1.8,NA,"n.d.",7.25,"n.d.","n.d.","n.d.","n.d.","n.d.","n.d.","n.d.","n.d.",NA,0.6,"n.d.",1.2,NA,NA,NA,1.2,NA,"n.d.",NA,NA,"n.d.",NA,NA,NA,NA,NA,NA,NA,NA,NA,NA,"n.d.",3.6,"n.d.",184
"1922",125,2006-08-03,2006,8,"Javier Gutierrez",500,60,8.4,"n.d.",52.6,"n.d.","n.d.","n.d.","n.d.",NA,0.4,NA,0.7,0.8,1.1,NA,2.1,"n.d.",0.7,NA,"",NA,"n.d.","n.d.","n.d.","n.d.","n.d.","","n.d.","n.d.",NA,NA,"n.d.",0.4,NA,NA,NA,0.3,NA,"n.d.",NA,0.1,"n.d.",NA,NA,NA,NA,NA,NA,NA,NA,NA,NA,"",0.4,"",214
"1923",125,2006-08-03,2006,8,"Javier Gutierrez",200,442,15.7,"",370.5,"n.d.","n.d.","n.d.","n.d.",NA,5.6,2.8,5.6,5.6,11.2,11.2,7.5,"n.d.",5.6,NA,"n.d.",4.68,"n.d.","n.d.","n.d.","n.d.","n.d.","n.d.","n.d.","n.d.",NA,0.9,"n.d.",4.7,NA,NA,0.9,1.9,NA,"n.d.",NA,0.9,"n.d.",NA,NA,11.2,NA,NA,NA,NA,NA,NA,NA,"n.d.",1.9,"n.d.",214
"1960",126,2006-09-12,2006,9,"Javier Gutierrez",200,305,12.7,"",258.1,"n.d.","n.d.","n.d.","n.d.",NA,NA,NA,4.6,4.6,NA,8,4,"n.d.",NA,1.3,"n.d.",8.62,"n.d.","n.d.","n.d.","n.d.","n.d.","n.d.","n.d.","n.d.",NA,0.7,"n.d.",NA,NA,NA,NA,1.3,NA,"n.d.",NA,NA,"n.d.",NA,NA,8,NA,NA,5.3,NA,3.3,NA,3.3,"n.d.",1.3,"n.d.",254
"1961",126,2006-09-12,2006,9,"Javier Gutierrez",500,37,10.5,"n.d.",29.6,"n.d.","n.d.","n.d.","n.d.",NA,0.3,0.6,0.3,1,0.4,0.5,0.8,"n.d.",0.4,NA,"",0.75,"n.d.","n.d.","n.d.","n.d.","n.d.","","n.d.","n.d.",NA,0.1,"n.d.",0.1,NA,NA,0.1,0.1,NA,"n.d.",0.1,NA,"n.d.",NA,NA,0.5,NA,NA,0.6,NA,0.1,NA,NA,"",0.2,"",254
"1998",127,2006-10-10,2006,10,"Luis Gonzalez",200,2477,8,"",2270.6,"n.d.","n.d.","n.d.","n.d.",NA,4.3,0.5,5.9,9.7,32.2,10.2,11.8,"",1.6,NA,"",2.15,"","","1.6","0.5","","","","",NA,10.2,"1.1",NA,NA,NA,NA,3.2,NA,"",NA,NA,"",NA,0.5,10.2,NA,NA,72.5,NA,1.1,NA,33.6,"",2.7,"",282
"1999",127,2006-10-10,2006,10,"Luis Gonzalez",500,217,9.96,"n.d.",148.7,"n.d.","n.d.","n.d.","n.d.",NA,1,1,6.4,6.5,4.3,18.3,3,"",0.4,NA,"",4.56,"","","","","","","","",NA,0.2,"",0.1,1.2,NA,0.5,0.4,NA,"",NA,NA,"",NA,NA,18.3,NA,NA,4,1.2,2,NA,9.4,"",4.3,"",282
"2036",128,2006-11-02,2006,11,"Luis Gonzalez",200,543,6.3,"",371.1,"304.3","50.6","16.1","",NA,NA,NA,4.4,1.5,2.9,45.5,2.9,"",NA,NA,"",79.2,"4.4","68.9","1.5","","2.9","","1.5","",NA,7.3,"",NA,NA,NA,NA,5.9,NA,"",NA,NA,"",NA,NA,45.5,NA,NA,11.7,NA,NA,NA,NA,"",NA,"0.5",305
"2037",128,2006-11-02,2006,11,"Luis Gonzalez",500,81,3.25,"n.d.",36.2,"32.8","3.4","","",NA,0.5,NA,5.1,NA,1,26.4,1.2,"",0.5,NA,"",2.69,"","","","","2.2","","0.5","",NA,NA,"",NA,2.2,NA,0.5,1,NA,"",NA,NA,"",NA,NA,26.4,NA,NA,2,1,0.5,NA,NA,"",NA,"",305
"2074",129,2006-12-05,2006,12,"Luis Gonzalez",500,80,3.39,"1.09",39.3,"35.7","3.6","","",NA,NA,NA,3,0.3,0.6,16.5,1.7,"",NA,NA,"",2.75,"","","","","0.8","","1.9","",NA,1.1,"",0.3,1.1,NA,0.5,0.8,0.3,"",NA,NA,"",NA,0.6,16.5,NA,NA,5.5,4.9,0.8,NA,NA,"",NA,"",338
"2075",129,2006-12-05,2006,12,"Luis Gonzalez",200,862,7.3,"7.3",566.2,"247.1","319.2","","",NA,NA,0.7,1.4,1.4,18.5,13.7,1.4,"",0.7,NA,"",192.52,"8.2","180.2","","0.7","2.1","1.4","","",NA,4.1,"",NA,NA,NA,NA,2.7,1.4,"0.7",NA,NA,"",NA,14.4,13.7,NA,NA,26.1,0.7,2.1,NA,NA,"",NA,"",338
"2112",130,2007-02-06,2007,2,"Luis Gonzalez",200,1334,18.2,"18.2",728.6,"337.3","350.8","40.5","",NA,0.9,NA,33.7,9,58.5,2.7,4.5,"0.9",0.9,NA,"",403.87,"49.5","346.3","1.8","3.6","","","2.7","",NA,2.7,"0.9",1.8,4.5,NA,NA,5.4,1.8,"",NA,6.3,"",NA,0.9,2.7,NA,NA,2.7,3.6,2.7,NA,NA,"",NA,"0.7",36
"2113",130,2007-02-06,2007,2,"Luis Gonzalez",500,97,9,"5.01",43.7,"38.9","4.9","","",NA,0.5,1.6,1.8,11.9,1.6,NA,4.3,"",0.5,NA,"1.6",4.86,"0.5","1.1","0.5","","0.5","","1.6","0.5",NA,1.1,"",0.5,3.2,NA,NA,1.1,NA,"0.5",NA,NA,"",NA,0.5,NA,NA,NA,1.1,3.8,3.2,NA,NA,"",NA,"",36
"2150",131,2007-03-06,2007,3,"Luis Gonzalez",200,270,8.3,"8.3",225.2,"113.0","111.4","0.8","",NA,0.4,4.7,5.5,3.1,1.6,1.2,0.8,"0.4",NA,NA,"",3.92,"","0.8","0.4","1.6","0.4","","0.4","0.4",NA,0.8,"",NA,0.4,NA,0.4,NA,0.4,"0.4",NA,0.4,"",NA,0.4,1.2,NA,NA,15.7,NA,0.4,NA,NA,"",NA,"",64
"2151",131,2007-03-06,2007,3,"Luis Gonzalez",500,175,9.65,"5.02",146.1,"145.0","1.1","","",NA,0.4,2.1,15,3.4,0.6,0.2,NA,"",0.4,NA,"",0.94,"","0.2","","","","","0.8","",NA,0.4,"",NA,0.9,NA,NA,0.2,NA,"0.2",NA,NA,"",NA,NA,0.2,NA,NA,3.2,0.4,0.6,NA,NA,"",NA,"",64
"2188",133,2007-05-08,2007,5,"Luis Gonzalez",200,631,14.6,"14.6",296.3,"255.5","33.6","7.2","",NA,NA,1.2,9.6,NA,18.4,16.8,4.8,"",1.2,NA,"",247.7,"3.6","240.5","","","1.2","","2.4","",NA,3.6,"",NA,NA,NA,NA,1.2,1.2,"",NA,NA,"",NA,NA,16.8,NA,NA,14.4,1.2,6,NA,NA,"",NA,"0.4",127
"2189",133,2007-05-08,2007,5,"Luis Gonzalez",500,145,9.11,"3.36",95.4,"86.2","9.1","","",NA,1.1,NA,6.6,NA,6.3,22.3,6.9,"",0.6,NA,"0.9",2.28,"","","","","0.3","","1.7","0.3",NA,NA,"",NA,0.6,NA,NA,NA,NA,"",NA,NA,"",NA,NA,22.3,NA,NA,0.9,NA,1.7,NA,NA,"",NA,"",127
"2226",134,2007-06-05,2007,6,"Luis Gonzalez",500,66,5.81,"2.30",52.4,"48.8","3.2","0.5","",NA,0.5,NA,1.8,NA,2.6,2.9,1.6,"",1.1,NA,"0.8",0.53,"","","","","0.3","","0.3","",NA,NA,"",NA,0.8,NA,NA,NA,NA,"",NA,NA,"",NA,NA,2.9,NA,NA,0.5,0.3,0.5,NA,NA,"",NA,"",155
"2227",134,2007-06-05,2007,6,"Luis Gonzalez",200,899,9.6,"3.1",509.2,"279.8","216.0","13.5","",NA,NA,1.4,6.4,NA,23.4,11.3,3.5,"",0.7,NA,"",315.17,"2.1","308.1","2.1","","1.4","","","1.4",NA,2.8,"",0.7,NA,NA,NA,0.7,NA,"",2.1,0.7,"",NA,1.4,11.3,NA,NA,10.6,NA,1.4,NA,NA,"",NA,"",155
"2264",135,2007-07-03,2007,7,"Luis Gonzalez",500,186,9.94,"2.76",134.1,"128.3","5.9","","",NA,NA,NA,1.7,1.7,2.1,3.4,10.9,"",NA,NA,"16.8",13.83,"0.8","","0.4","","6.3","","1.7","4.6",NA,NA,"",NA,NA,NA,NA,0.8,NA,"",NA,NA,"",NA,NA,3.4,NA,NA,0.4,NA,NA,NA,NA,"",NA,"",183
"2265",135,2007-07-03,2007,7,"Luis Gonzalez",200,1361,16.8,"3.7",729.7,"502.9","226.3","0.4","",NA,NA,NA,2.5,2.9,9.2,2.1,4.2,"",NA,NA,"2.9",403.18,"129.9","201.2","0.8","22.6","1.7","","0.8","46.1",NA,0.8,"0.4",NA,NA,NA,NA,0.8,NA,"",NA,NA,"",NA,NA,2.1,NA,NA,NA,NA,NA,NA,NA,"",NA,"",183
"2302",136,2007-08-07,2007,8,"Luis Gonzalez",200,1121,16.2,"3.4",792.1,"571.8","219.5","0.7","",NA,0.7,NA,5.2,1.5,12.5,2.2,1.5,"",0.7,NA,"0.7",248.66,"4.4","239.9","","0.7","0.7","","2.2","0.7",NA,0.7,"",NA,0.7,NA,NA,0.7,NA,"",NA,NA,"",NA,NA,2.2,NA,NA,42.4,NA,1.5,NA,NA,"",NA,"",218
"2303",136,2007-08-07,2007,8,"Luis Gonzalez",500,194,10.19,"3.00",143.5,"121.8","21.4","0.4","",NA,1.1,0.4,8.1,1.1,2.6,7.4,NA,"",0.7,NA,"3.0",16.23,"","8.1","","","1.8","","5.5","0.7",NA,0.4,"",NA,0.4,NA,NA,0.4,NA,"",NA,NA,"",NA,NA,7.4,NA,NA,8.9,NA,0.4,NA,NA,"",NA,"",218
"2340",138,2007-10-09,2007,10,"Luis Gonzalez",200,602,4.9,"0.7",492.4,"241.4","245.1","5.9","",NA,NA,NA,1.1,2.1,8.1,11.3,NA,"",NA,NA,"0.5",60.07,"1.6","56.3","","","0.5","","1.1","0.5",NA,2.1,"",NA,NA,NA,0.5,7,NA,"",NA,NA,"",NA,5.9,11.3,NA,NA,6.4,NA,0.5,NA,NA,"",NA,"",281
"2341",138,2007-10-09,2007,10,"Luis Gonzalez",500,22,1.66,"0.39",7.2,"2.3","5.0","","",NA,0.2,NA,2.9,0.2,0.6,3.9,0.2,"",NA,NA,"0.2",0.48,"","","","","","","0.3","0.3",NA,NA,"",NA,0.2,NA,0.5,1.5,NA,"",NA,0.2,"",NA,0.2,3.9,NA,NA,1.8,0.2,1.5,NA,NA,"",NA,"",281
"2378",140,2007-12-11,2007,12,"Luis Gonzalez",500,41,3.66,"1.05",36.3,"35.3","1.0","","",NA,0.1,NA,0.7,0.1,0.2,0.3,0.2,"",NA,NA,"0.4",0.69,"","","","","0.5","","0.2","",NA,0.1,"",NA,0.6,NA,NA,0.4,NA,"",NA,NA,"",NA,NA,0.3,NA,NA,0.2,0.5,NA,NA,NA,"",NA,"",344
"2379",140,2007-12-11,2007,12,"Luis Gonzalez",200,328,7.2,"2.3",223.2,"117.2","105.1","0.9","",NA,NA,NA,2.6,2.6,12.9,5.2,1.7,"",NA,NA,"",47.39,"0.9","43.9","","","","","1.7","0.9",NA,0.9,"",0.9,1.7,NA,NA,6,NA,"",NA,NA,"",NA,18.1,5.2,NA,NA,1.7,NA,NA,NA,NA,"",NA,"",344
"2414",141,2008-01-10,2008,1,"Luis Gonzalez",500,118,11.06,"4.14",74.5,"68.2","6.3","","",NA,0.4,1.6,9.5,0.8,2.8,12.6,2.4,"",0.6,NA,"",0.2,"","7.1","","","0.2","","","",NA,NA,"",0.4,1,NA,0.2,2,NA,"",NA,NA,"",NA,0.6,12.6,NA,NA,NA,NA,2,NA,NA,"",NA,"",9
"2415",141,2008-01-10,2008,1,"Luis Gonzalez",200,809,19.2,"5.3",466.1,"222.8","230.7","12.6","",NA,NA,NA,3.2,1.6,28.4,61.1,1.6,"",0.8,NA,"0.8",182.16,"10.3","161.7","0.8","7.9","0.8","","0.8","",NA,6.3,"2.4",0.8,1.6,NA,3.9,11,NA,"",NA,3.9,"",NA,5.5,61.1,NA,NA,7.9,NA,NA,NA,NA,"",NA,"",9
"2452",142,2008-02-12,2008,2,"Luis Gonzalez",200,996,19.4,"4.9",679.7,"295.8","378.4","5.5","",NA,NA,NA,8.3,1.4,20.6,24.8,2.8,"",1.4,NA,"",163.73,"2.8","158.2","","","","","2.8","",NA,8.3,"",1.4,4.1,NA,4.1,17.9,NA,"",NA,5.5,"",NA,30.3,24.8,NA,NA,15.1,1.4,NA,NA,NA,"",NA,"",42
"2453",142,2008-02-12,2008,2,"Luis Gonzalez",500,180,10.99,"4.12",159.3,"158.2","1.1","","",NA,NA,0.3,5.9,0.1,2.5,3.9,1.5,"",0.4,NA,"0.4",1.79,"","","","","1.0","","0.8","",NA,0.1,"",0.3,1.7,NA,0.4,0.3,NA,"",NA,NA,"0.3",NA,NA,3.9,NA,NA,0.3,0.4,NA,NA,NA,"",NA,"",42
"2490",143,2008-03-11,2008,3,"Luis Gonzalez",200,809,22.3,"5.4",538.7,"369.4","168.6","0.7","",NA,0.7,0.7,10,4.3,9.3,4.3,2.9,"",NA,NA,"",174.31,"39.5","129.1","","4.3","1.4","","","",NA,5.7,"0.7",NA,2.9,NA,NA,2.2,NA,"",NA,1.4,"",NA,NA,4.3,NA,NA,5,0.7,NA,NA,NA,"",NA,"",70
"2491",143,2008-03-11,2008,3,"Luis Gonzalez",500,266,10.23,"2.12",204.4,"204.4","","","",NA,2.9,0.7,21.5,2.9,1.4,2.9,NA,"",NA,NA,"0.7",14.35,"7.2","3.6","","","0.7","","2.9","",NA,NA,"",NA,5.2,NA,NA,1.4,NA,"",NA,NA,"",3.6,0.7,2.9,NA,NA,2.9,2.9,1.4,NA,NA,"",NA,"",70
"2528",144,2008-04-08,2008,4,"Luis Gonzalez",200,2027,32.6,"8.2",1266.3,"670.3","591.4","4.5","",NA,3.4,1.1,20.3,37.2,18,63.1,1.1,"",NA,NA,"",454,"118.3","326.7","","1.1","4.5","","3.4","",NA,13.5,"",1.1,1.1,NA,NA,2.3,NA,"1.1",NA,NA,"",NA,NA,63.1,NA,NA,14.6,NA,NA,NA,NA,"",NA,"",98
"2529",144,2008-04-08,2008,4,"Luis Gonzalez",500,351,16.81,"4.41",295.6,"283.0","12.6","","",NA,3.2,1.8,7.7,9.5,0.9,6.3,3.2,"",0.9,NA,"0.5",8.56,"","1.4","","","4.5","","3.2","0.9",NA,0.9,"",0.5,6.8,NA,NA,NA,NA,"",NA,NA,"",NA,0.9,6.3,NA,NA,0.5,NA,1.8,NA,NA,"",NA,"",98
"2566",145,2008-05-06,2008,5,"Luis Gonzalez",500,97,7.84,"1.31",86.8,"83.7","3.1","","",NA,0.4,0.1,1.7,NA,NA,1.4,1.1,"",0.1,NA,"",0,"","","","","0.6","","0.4","",NA,NA,"",NA,0.8,NA,NA,0.7,0.3,"",0.1,NA,"",NA,0.6,1.4,NA,NA,1.1,0.6,0.1,NA,NA,"",NA,"",126
"2567",145,2008-05-06,2008,5,"Luis Gonzalez",200,204,14.7,"3.3",124.6,"67.5","57.1","","",NA,6.2,NA,10.4,0.3,4.5,10.4,1,"",1.7,NA,"0.3",2.77,"","","","0.3","1.7","0.3","0.4","",NA,2.1,"",NA,1.7,NA,NA,7.6,0.3,"",0.3,NA,"",NA,1,10.4,NA,NA,24.2,0.7,1,NA,NA,"",NA,"1.1",126
"2604",146,2008-06-04,2008,6,"Luis Gonzalez",200,191,18.7,"5.4",153.5,"90.1","62.8","0.6","",NA,0.6,NA,4.8,NA,7.2,6,NA,"",0.3,NA,"",8.16,"0.9","6.3","","0.3","0.3","","0.3","",NA,0.9,"",NA,0.9,NA,0.3,2.2,NA,"",NA,0.6,"",NA,0.6,6,NA,NA,2.2,0.3,NA,NA,NA,"",NA,"",155
"2605",146,2008-06-04,2008,6,"Luis Gonzalez",500,146,10.24,"3.19",114.4,"108.3","6.0","0.2","",NA,1.4,NA,4.1,NA,3,3.3,0.3,"",0.6,NA,"0.2",9.89,"","5.7","","","3.0","","1.3","",NA,0.5,"",0.2,3.5,NA,0.3,0.8,NA,"",NA,NA,"",3.3,NA,3.3,NA,NA,2.4,0.9,NA,NA,NA,"",NA,"",155
"2638",147,2008-07-08,2008,7,"Luis Gonzalez",200,985,9.6,"2.9",655.3,"409.6","241.6","4.2","",NA,2.1,NA,25.2,16.8,23.1,18.9,2.1,"",NA,NA,"",165.93,"6.3","153.3","","6.3","","","","",NA,21,"",NA,NA,NA,NA,6.3,NA,"2.1",NA,2.1,"",NA,NA,18.9,NA,NA,27.3,NA,2.1,NA,NA,"",NA,"",189
"2639",147,2008-07-08,2008,7,"Luis Gonzalez",500,86,5.15,"1.19",67.2,"65.1","2.1","","",NA,0.4,NA,6.9,0.8,1.5,1.7,1.1,"",NA,NA,"0.8",1.68,"0.4","","","","1.1","","","0.2",NA,NA,"",0.4,0.8,NA,NA,1.1,0.6,"",NA,NA,"",NA,NA,1.7,NA,NA,0.6,NA,0.2,NA,NA,"",NA,"",189
"2676",148,2008-08-05,2008,8,"Luis Gonzalez",200,962,10.6,"2.7",521.2,"275.7","243.3","2.2","",NA,2.2,NA,4.3,11.9,14.1,19.5,1.1,"",NA,NA,"",301.67,"19.5","270.3","1.1","","5.4","","5.4","",NA,9.7,"1.1",1.1,4.3,NA,NA,6.5,NA,"",NA,NA,"",NA,4.3,19.5,NA,NA,28.1,NA,NA,NA,NA,"",NA,"2.1",217
"2677",148,2008-08-05,2008,8,"Luis Gonzalez",500,103,5.04,"2.06",59,"56.2","2.8","","",NA,0.7,0.9,13,0.7,1.3,13,1.3,"",0.4,NA,"0.2",4.98,"0.2","","","","2.4","","2.2","0.2",NA,0.2,"",NA,0.7,NA,1.5,0.9,0.2,"",NA,NA,"",NA,1.5,13,NA,NA,0.9,0.7,0.7,NA,NA,"",NA,"",217
"2714",149,2008-09-10,2008,9,"Luis Gonzalez",500,86,4.67,"1.27",61.3,"60.0","1.4","","",NA,1.4,NA,2.1,NA,3.4,5.8,3.1,"",NA,NA,"0.3",3.77,"","","","","3.4","0.3","","",NA,0.3,"",NA,NA,NA,2.1,0.3,NA,"",NA,NA,"1.0",NA,0.3,5.8,NA,NA,NA,NA,1,NA,NA,"",NA,"",253
"2715",149,2008-09-10,2008,9,"Luis Gonzalez",200,433,9.5,"3.1",299.7,"167.0","124.2","8.6","",NA,1.7,NA,NA,6.9,36,12,8.6,"",NA,NA,"",20.55,"","17.1","","1.7","","","1.7","",NA,10.3,"",NA,5.1,NA,3.4,5.1,NA,"3.4",NA,1.7,"1.7",NA,3.4,12,NA,NA,5.1,1.7,NA,NA,NA,"",NA,"",253
"2752",150,2008-10-10,2008,10,"Luis Gonzalez",500,83,4.85,"1.90",40.9,"24.8","15.9","0.2","",NA,0.4,NA,11.9,0.4,1.4,12.9,0.2,"",NA,NA,"",1.2,"","","","","0.6","","0.2","0.4",NA,0.6,"",NA,1.8,NA,0.8,0.4,NA,"",NA,NA,"",NA,1.4,12.9,NA,NA,1,4.8,2.8,NA,NA,"",NA,"",283
"2753",150,2008-10-10,2008,10,"Luis Gonzalez",200,680,11,"4.2",532.2,"442.0","84.3","6.0","",NA,1.2,0.4,3.6,1.2,29.8,31.8,2,"",0.8,NA,"",2.78,"0.8","","","","1.6","","","0.4",NA,7.6,"",NA,1.2,NA,0.8,1.6,NA,"",NA,NA,"",NA,1.6,31.8,NA,NA,47.7,7.2,3.6,NA,NA,"",NA,"3.4",283
"2790",151,2008-11-18,2008,11,"Luis Gonzalez",500,38,3.25,"0.61",30.6,"30.6","","","",NA,NA,NA,0.7,NA,0.4,0.7,1.3,"",NA,NA,"0.7",1.1,"","","","","0.7","0.2","0.2","",NA,0.2,"",NA,1.3,NA,NA,0.4,0.2,"",NA,NA,"",NA,0.2,0.7,NA,NA,NA,NA,0.4,NA,NA,"",NA,"",322
"2791",151,2008-11-18,2008,11,"Luis Gonzalez",200,338,6.3,"2.2",315,"205.7","109.4","","",NA,NA,NA,0.4,4.4,3.9,2.6,1.3,"",NA,NA,"0.9",0.88,"0.4","","","","","","","0.4",NA,3.1,"",NA,0.9,NA,NA,1.8,NA,"",NA,NA,"",NA,NA,2.6,NA,NA,0.4,1.3,NA,NA,NA,"",NA,"",322
"2828",152,2008-12-10,2008,12,"Luis Gonzalez",200,281,4.4,"1.6",256.3,"130.4","122.9","3.0","",NA,NA,NA,2.2,NA,4.8,5.2,NA,"0.4",NA,NA,"",2.24,"","1.1","","","0.8","","0.4","",NA,2.2,"",NA,1.1,NA,0.4,0.7,NA,"",NA,0.4,"",NA,NA,5.2,NA,NA,1.9,1.5,NA,NA,NA,"",NA,"",344
"2829",152,2008-12-10,2008,12,"Luis Gonzalez",500,12,2.69,"0.94",8.8,"8.6","0.2","","",NA,0.2,NA,0.3,NA,0.4,0.6,0.1,"",0.1,NA,"0.5",0.24,"","0.1","","","0.2","","0.1","",NA,NA,"",NA,0.3,0.1,0.4,0.1,NA,"",NA,NA,"",NA,0.4,0.6,NA,NA,NA,0.2,0.1,NA,NA,"",NA,"",344
"2866",153,2009-01-13,2009,1,"Luis Gonzalez",500,132,14.61,"5.38",111.6,"111.6","","","",NA,0.6,1.6,1.2,NA,0.3,4.3,2.2,"",NA,NA,"1.2",4.96,"","","","","3.4","","0.3","1.2",NA,NA,"",NA,NA,NA,0.3,1.9,NA,"",NA,NA,"",NA,0.3,4.3,NA,NA,1.6,0.3,NA,NA,NA,"",NA,"",12
"2867",153,2009-01-13,2009,1,"Luis Gonzalez",200,973,21.3,"6.3",534.5,"352.5","162.7","19.4","",NA,0.8,0.4,1.2,0.4,4.3,2.3,3.9,"",NA,NA,"1.9",414.83,"0.8","410.6","","","3.1","","","0.4",NA,1.2,"",NA,NA,NA,0.4,0.8,1.2,"",NA,NA,"",NA,NA,2.3,NA,NA,1.2,NA,NA,NA,NA,"",NA,"",12
"2898",154,2009-02-10,2009,2,"Luis Gonzalez",500,61,17.58,"11.37",30.6,"28.7","1.9","","",NA,1.1,0.2,15.9,NA,0.3,2.2,3.5,"",0.3,NA,"0.2",1.75,"","","","","1.4","","0.3","",NA,NA,"",0.5,2.9,NA,NA,0.3,NA,"",NA,0.2,"",NA,0.2,2.2,NA,NA,0.5,NA,NA,NA,NA,"",NA,"",40
"2899",154,2009-02-10,2009,2,"Luis Gonzalez",200,661,25.3,"16.9",367.8,"267.7","98.8","1.3","",NA,1.9,NA,4.1,NA,15.9,2.5,1.6,"",NA,NA,"",221.82,"38.2","181.7","","","1.6","","","0.3",NA,1.6,"",NA,0.3,NA,NA,0.6,NA,"",NA,0.3,"0.3",NA,NA,2.5,NA,NA,1.9,0.3,NA,NA,NA,"",NA,"",40
"2936",155,2009-03-03,2009,3,"Luis Gonzalez",500,178,10.9,"4.24",140,"131.3","8.8","","",NA,1.3,NA,11.3,0.6,1.3,2.5,1.9,"",NA,NA,"1.9",0,"","","0.6","","","","0.6","",NA,1.9,"",NA,11.3,NA,0.6,1.9,NA,"",NA,NA,"",NA,NA,2.5,NA,NA,NA,NA,NA,NA,NA,"",NA,"",61
"2937",155,2009-03-03,2009,3,"Luis Gonzalez",200,878,15.1,"5.1",659.5,"422.0","234.4","3.1","",NA,NA,NA,5.6,10.6,21.3,7.5,5.6,"0.6",0.6,NA,"",120.66,"22.5","93.8","","1.3","1.3","","1.9","",NA,2.5,"0.6",NA,9.4,NA,NA,3.1,NA,"",NA,NA,"",NA,0.6,7.5,NA,NA,2.5,NA,NA,NA,NA,"",NA,"",61
"2974",156,2009-04-07,2009,4,"Luis Gonzalez",200,1631,11.1,"8.6",899,"448.6","448.6","1.9","",NA,0.6,NA,21.7,15.5,15.5,27.8,6.8,"",NA,NA,"1.2",487.52,"2.5","479.5","","0.6","2.5","","1.2","1.2",NA,40.2,"",NA,1.2,NA,1.2,30.9,3.7,"",NA,1.9,"",NA,0.6,27.8,NA,NA,68.1,NA,NA,NA,NA,"",NA,"",96
"2975",156,2009-04-07,2009,4,"Luis Gonzalez",500,208,7.42,"4.23",169.5,"167.0","2.5","","",NA,1.9,NA,11.1,0.6,1.9,5.6,7.5,"",NA,NA,"0.6",1.86,"","","0.6","","","","","1.2",NA,1.9,"",NA,2.5,NA,NA,1.2,NA,"",NA,NA,"",NA,NA,5.6,NA,NA,2.5,NA,NA,NA,NA,"",NA,"",96
"3012",157,2009-05-08,2009,5,"Luis Gonzalez",200,940,22.8,"8.0",688.1,"360.5","323.6","4.0","",NA,1,2,14.9,8,5,15.9,9,"",NA,NA,"",180.23,"3.0","174.2","","","2.0","","1.0","",NA,4,"",NA,1,NA,NA,4,NA,"",NA,NA,"",NA,1,15.9,NA,NA,NA,NA,NA,NA,NA,"",NA,"",127
"3013",157,2009-05-08,2009,5,"Luis Gonzalez",500,NA,11.77,"4.02",104.6,"100.8","3.0","0.8","",NA,1.5,2.2,15.9,0.8,NA,7.6,1.5,"",NA,NA,"1.5",1.5,"","","","","0.8","","0.8","",NA,NA,"",NA,4.5,NA,NA,1.5,NA,"",NA,NA,"",NA,NA,7.6,NA,NA,0.8,NA,NA,NA,NA,"",NA,"",127
"3050",158,2009-06-02,2009,6,"Luis Gonzalez",200,1156,15.5,"3.5",819.2,"400.1","416.4","2.6","",NA,1.3,0.7,5.9,65.3,2.6,124.1,2.6,"",0.7,NA,"",118.89,"","114.3","","","2.6","","2.0","",NA,0.7,"",NA,0.7,NA,0.7,6.5,NA,"",NA,NA,"",NA,NA,124.1,NA,NA,0.7,0.7,NA,NA,NA,"",NA,"",152
"3051",158,2009-06-02,2009,6,"Luis Gonzalez",500,151,9.97,"3.51",111.7,"101.3","10.5","","",NA,NA,1.3,1.3,6.5,2.6,9.8,1.3,"",1.3,NA,"",3.26,"","","","","0.7","","2.6","",NA,0.7,"",NA,2.6,NA,NA,2,2,"",NA,NA,"",NA,1.3,9.8,NA,NA,2,1.3,NA,NA,NA,"",NA,"",152
"3088",159,2009-07-14,2009,7,"Luis Gonzalez",500,183,6.9,"3.82",43.2,"38.1","5.1","","",NA,NA,NA,1.7,NA,NA,38.1,1.7,"",NA,NA," ",1.69,"","","","","1.7","","","",NA,NA,"",NA,NA,NA,0.4,NA,0.4,"",NA,NA,"",NA,0.4,38.1,NA,NA,1.7,93.2,NA,NA,NA,"",NA,"",194
"3089",159,2009-07-14,2009,7,"Luis Gonzalez",200,446,9.9,"5.3",211.7,"127.0","84.7","","",NA,3.2,NA,1.1,3.2,7.4,37.1,1.1,"",NA,NA,"",49.76,"11.7","37.1","","","1.6","","","",NA,3.2,"",NA,3.2,NA,NA,NA,NA,"",NA,NA,"",NA,NA,37.1,NA,NA,37.1,74.1,NA,NA,NA,"",NA,"",194
"3126",160,2009-08-11,2009,8,"Luis Gonzalez",200,1317,19.3,"5.7",1012.9,"614.6","396.1","2.2","",NA,1.9,NA,8.7,5.5,3.3,27.3,7.6,"",NA,NA,"1.1",188.47,"1.9","150.2","","15.3","6.6","","4.4","10.9",NA,NA,"",NA,NA,NA,NA,8.7,4.4,"",NA,2.2,"3.3",NA,2.2,27.3,NA,NA,NA,NA,NA,NA,NA,"",NA,"",222
"3127",160,2009-08-11,2009,8,"Luis Gonzalez",500,155,8.71,"3.03",67.2,"60.1","7.1","","",NA,2.2,NA,1.9,14.2,0.6,38.2,5.5,"",NA,NA,"3.8",4.92,"","","","","","0.6","0.6","3.8",NA,0.6,"",NA,0.6,NA,0.6,1.1,1.6,"",NA,NA,"0.6",NA,1.1,38.2,NA,NA,1.1,NA,NA,NA,NA,"",NA,"",222
"3164",161,2009-09-15,2009,9,"Luis Gonzalez",200,1479,16.3,"5.9",974.5,"450.5","517.3","6.7","",NA,1.3,NA,5.3,4,NA,46.7,4,"",1.3,9.3,"4.0",351.1,"2.7","333.7","","","12.0","","2.7","",NA,NA,"",NA,6.7,NA,NA,46.7,2.7,"",NA,1.3,"",NA,NA,46.7,NA,NA,2.7,NA,NA,NA,NA,"",NA,"",257
"3165",161,2009-09-15,2009,9,"Luis Gonzalez",500,167,8.6,"3.26",100.1,"53.4","46.7","","",NA,0.7,NA,6,NA,2,5.3,4.7,"",1.3,NA,"4.7",24.03,"","","0.7","","17.4","0.7","0.7","4.7",NA,NA,"",NA,0.7,NA,6.7,4.7,2.7,"0.7",NA,NA,"",NA,NA,5.3,NA,NA,2.7,NA,NA,NA,NA,"",NA,"",257
"3202",162,2009-10-06,2009,10,"Luis Gonzalez",200,110,10.6,"3.5",49.6,"31.2","18.4","","",NA,1.1,NA,5.7,NA,10.2,7.4,0.6,"",NA,NA,"1.1",17,"0.6","14.2","","","1.7","","0.6","",NA,1.1,"",NA,NA,NA,0.6,2.3,NA,"",NA,NA,"",NA,1.1,7.4,NA,NA,9.6,NA,NA,NA,NA,"",NA,"",278
"3203",162,2009-10-06,2009,10,"Luis Gonzalez",500,44,1.6,"0.44",38.7,"37.2","1.5","","",NA,NA,NA,1.3,NA,0.4,1.1,1.7,"",NA,NA,"",0.43,"","0.2","","","","","0.4","",NA,NA,"",NA,0.2,NA,NA,NA,NA,"",NA,NA,"",NA,NA,1.1,NA,NA,0.2,NA,NA,NA,NA,"",NA,"",278
"3240",163,2009-11-10,2009,11,"Luis Gonzalez",500,132,4.55,"1.59",117.3,"112.8","4.5","","",NA,0.3,NA,3,0.3,1,6.2,0.8,"",NA,NA,"",1,"","","","","0.8","","0.3","",NA,NA,"",NA,0.8,NA,1,NA,NA,"",NA,NA,"0.3",NA,NA,6.2,NA,NA,0.5,0.3,NA,NA,NA,"",NA,"",313
"3241",163,2009-11-10,2009,11,"Luis Gonzalez",200,652,9.3,"2.6",589,"350.9","238.1","","",NA,NA,NA,22.6,0.5,5.5,10.5,1,"",NA,NA,"",9.52,"","8.0","","","","","1.5","",NA,1,"",NA,2,NA,2.5,2.5,NA,"",NA,0.5,"",NA,1.5,10.5,NA,NA,1.5,NA,NA,NA,NA,"",NA,"",313
"3278",164,2009-12-08,2009,12,"Luis Gonzalez",500,68,4.21,"1.13",48.8,"47.2","1.6","","",NA,NA,NA,2.4,NA,NA,1.6,NA,"",NA,NA,"1.6",7.32,"","","","","3.3","","4.1","",NA,NA,"",NA,1.6,NA,0.8,0.8,NA,"",NA,NA,"",NA,NA,1.6,NA,NA,NA,0,2.4,NA,NA,"",NA,"",341
"3279",164,2009-12-08,2009,12,"Luis Gonzalez",200,1331,12.1,"3.6",787.2,"442.4","330.6","14.2","",NA,NA,2,2,26.4,20.3,32.6,2,"",NA,NA,"",338.69,"20.3","269.5","2.0","30.5","8.1","","8.1","",NA,6.1,"",NA,4.1,NA,4.1,18.3,NA,"",NA,NA,"",NA,4.1,32.6,NA,NA,6.1,4.1,4.1,NA,NA,"",NA,"",341
"3316",165,2010-01-12,2010,1,"Luis Gonzalez",200,1577,16,"6.2",944.1,"291.4","652.2","0.5","",NA,1,NA,12.7,NA,25.3,35.5,6.1,"",NA,NA,"",483.98,"","481.4","","","2.0","0.5","","",NA,0.5,"1.0",0.5,2.5,NA,NA,27.9,NA,"",NA,NA,"",NA,NA,35.5,NA,NA,32.9,0.5,NA,NA,NA,"",NA,"",11
"3317",165,2010-01-12,2010,1,"Luis Gonzalez",500,122,10.28,"4.05",75,"71.0","4.1","","",NA,2,NA,6.1,0.5,5.6,15.2,3.6,"",NA,NA,"0.5",1.52,"","","","","0.5","","1.0","",NA,NA,"",NA,2.5,NA,0.5,5.6,0.5,"",NA,NA,"",NA,NA,15.2,NA,NA,1,2,NA,NA,NA,"",NA,"",11
"3354",166,2010-02-11,2010,2,"Luis Gonzalez",200,841,11.1,"4.3",441.8,"320.8","114.6","6.4","",NA,NA,NA,1.8,1.8,10.1,0.9,3.7,"",NA,NA,"",327.64,"3.7","286.4","6.4","30.2","0.9","","","",NA,0.9,"",NA,1.8,NA,NA,6.4,NA,"",NA,0.9,"",NA,NA,0.9,NA,NA,NA,NA,1.8,NA,NA,"",NA,"",41
"3355",166,2010-02-11,2010,2,"Luis Gonzalez",500,181,0,"0.00",133.8,"132.9","0.9","","",NA,0.9,6.4,6.4,0.9,0.9,0.9,2.8,"",NA,NA,"1.8",8.25,"","","1.8","","5.5","","","0.9",NA,1.8,"",0.9,8.3,NA,NA,1.8,NA,"",NA,NA,"",NA,NA,0.9,NA,NA,1.8,NA,3.7,NA,NA,"",NA,"",41
"3386",167,2010-03-09,2010,3,"Luis Gonzalez",500,75,8.47,"1.83",63.2,"62.2","0.9","","",NA,NA,5,0.6,NA,0.9,1.2,0.6,"",NA,NA,"",0.93,"","","","","0.3","","0.6","",NA,NA,"",NA,0.9,NA,NA,0.6,NA,"",NA,NA,"",NA,NA,1.2,NA,NA,0.3,NA,0.3,NA,NA,"",NA,"",67
"3387",167,2010-03-09,2010,3,"Luis Gonzalez",200,1437,12.1,"3.0",816.2,"177.7","637.9","0.6","",NA,0.6,5.6,1.9,NA,3.7,5.6,1.2,"",NA,NA,"",375.27,"","373.4","","","1.2","","0.6","",NA,0.6,"",NA,0.6,NA,NA,5.6,NA,"",NA,NA,"",NA,217.8,5.6,NA,NA,0.6,NA,NA,NA,NA,"",NA,"",67
"3424",168,2010-04-07,2010,4,"Luis Gonzalez",500,170,8.47,"5.09",131.5,"115.8","15.8","","",NA,1.4,NA,5,NA,0.9,5,3.6,"",NA,NA,"0.9",19.81,"","16.7","","","2.3","","0.9","",NA,2.3,"",NA,4.1,NA,1.8,2.3,0.5,"",NA,NA,"",NA,NA,5,NA,NA,3.2,3.2,1.4,NA,NA,"",NA,"",96
"3425",168,2010-04-07,2010,4,"Luis Gonzalez",200,2215,18,"9.1",1311.8,"689.7","619.3","2.8","",NA,4.5,NA,1.1,1.1,4.5,154.8,2.8,"",NA,NA,"1.7",711.63,"3.4","703.8","","","2.8","","","1.1",NA,0.6,"0.6",NA,2.8,NA,1.1,3.9,NA,"",NA,NA,"",NA,2.8,154.8,NA,NA,NA,2.3,NA,NA,NA,"",NA,"",96
"3462",169,2010-05-11,2010,5,"Luis Gonzalez",200,849,8.2,"2.4",361,"219.9","138.9","2.3","",NA,NA,NA,1.2,NA,9.8,3.5,0.6,"",NA,NA,"0.6",386.48,"72.3","309.5","","","2.3","","0.6","1.7",NA,0.6,"",0.6,2.3,NA,NA,2.3,NA,"",NA,NA,"",NA,NA,3.5,NA,NA,2.9,NA,NA,NA,NA,"",NA,"",130
"3463",169,2010-05-11,2010,5,"Luis Gonzalez",500,89,4.78,"2.02",46.1,"44.0","2.1","","",NA,0.7,0.2,0.7,1.2,0.7,3.5,1.4,"",0.5,NA,"",26.85,"","22.0","","","1.4","0.2","2.6","0.7",NA,NA,"",NA,2.1,NA,0.2,0.7,0.2,"",NA,NA,"",NA,0.2,3.5,NA,NA,1.2,1.9,0.9,NA,NA,"",NA,"",130
"3500",170,2010-06-08,2010,6,"Luis Gonzalez",200,296,7.9,"3.3",189.9,"103.3","84.6","2.0","",NA,0.5,NA,3.5,NA,3.5,4,2,"0.5",NA,NA,"",78.41,"1.0","75.9","","","0.5","","1.0","",NA,NA,"",NA,NA,NA,0.5,4,NA,"",NA,NA,"0.5",NA,0.5,4,NA,NA,6,NA,NA,NA,NA,"",NA,"",158
"3501",170,2010-06-08,2010,6,"Luis Gonzalez",500,64,6.6,"2.68",52.5,"49.8","2.7","","",NA,0.3,NA,4,NA,0.3,2.5,2.7,"",0.3,NA,"",0.5,"","","","","0.3","","0.3","",NA,NA,"",NA,1.1,NA,NA,NA,NA,"0.1",NA,NA,"",NA,NA,2.5,NA,NA,0.1,0.1,NA,NA,NA,"",NA,"",158
"3538",171,2010-08-04,2010,8,"Luis Gonzalez",200,729,8.3,"3.2",410.5,"142.1","263.2","5.3","",NA,1.3,NA,2.6,4,19.7,29,1.3,"1.3",NA,NA,"",213.16,"5.3","205.3","","","","","1.3","1.3",NA,1.3,"",NA,2.6,NA,NA,10.5,NA,"",NA,NA,"",NA,NA,29,NA,NA,21.1,NA,2.6,NA,NA,"",NA,"",215
"3539",171,2010-08-04,2010,8,"Luis Gonzalez",500,51,6.64,"2.12",30.3,"27.1","3.2","","",NA,1.1,0.3,2.4,NA,1.8,4.5,0.8,"",0.3,NA,"0.5",6.58,"","5.3","","","0.8","","0.3","0.3",NA,NA,"",NA,1.6,NA,NA,0.3,0.5,"",NA,NA,"",4.5,NA,4.5,NA,NA,0.3,NA,NA,NA,NA,"",NA,"",215
"3576",172,2010-09-15,2010,9,"Luis Gonzalez",500,57,3.87,"2.24",21.6,"17.5","4.1","","",NA,0.3,NA,2.6,0.3,1,12.7,2.6,"",NA,NA,"0.3",2.86,"","1.0","","","1.6","","0.3","",NA,0.3,"0.3",NA,8,NA,2.2,0.6,NA,"",NA,0.6,"",NA,NA,12.7,NA,NA,0.6,1,NA,NA,NA,"",NA,"",257
"3577",172,2010-09-15,2010,9,"Luis Gonzalez",200,1038,6.6,"2.5",585.1,"214.8","365.9","4.5","",NA,0.6,NA,5.1,17.2,5.1,76.4,3.2,"",NA,NA,"",312.75,"","310.2","","","1.9","","0.6","",NA,1.3,"0.6",NA,7.6,NA,5.1,7,NA,"",NA,1.9,"",NA,NA,76.4,NA,NA,5.1,1.9,NA,NA,NA,"",NA,"",257
"3614",173,2010-10-04,2010,10,"Luis Gonzalez",200,817,5.9,"2.1",335.2,"175.4","158.7","1.1","",NA,1.1,0.6,2.8,11.1,7.8,10,0.6,"",0.6,NA,"",216.59,"214.4","","0.6","","1.1","","","0.6",NA,1.7,"0.6",NA,2.8,NA,NA,5.6,NA,"",NA,0.6,"",NA,NA,10,NA,NA,2.8,NA,NA,NA,NA,"",NA,"",276
"3615",173,2010-10-04,2010,10,"Luis Gonzalez",500,36,3.48,"1.76",21.5,"20.7","0.8","","",NA,0.4,0.3,1.6,0.1,0.9,2.5,0.5,"",NA,NA,"",1.06,"","","","","0.7","0.3","","0.1",NA,0.1,"",NA,5.6,NA,0.4,0.5,NA,"",NA,NA,"",NA,NA,2.5,NA,NA,NA,0.5,NA,NA,NA,"",NA,"",276
"3652",174,2010-11-09,2010,11,"Luis Gonzalez",200,1063,5.9,"2.1",649.6,"341.5","304.9","3.2","",NA,1.9,1.1,4.5,0.4,34,10.4,1,"",0.4,NA,"",320.74,"4.5","315.4","","","0.9","","","",NA,4.7,"",NA,2.5,NA,1.4,20.1,NA,"",NA,1.2,"1.2",NA,NA,10.4,NA,NA,2.9,NA,NA,NA,NA,"",NA,"",312
"3653",174,2010-11-09,2010,11,"Luis Gonzalez",500,33,2.82,"1.22",23.3,"22.7","0.6","","",NA,0.1,NA,1.3,NA,1.4,2.2,0.1,"",NA,NA,"",1.12,"","","","","0.7","0.1","0.3","",NA,NA,"",NA,1.5,NA,1,1,0.3,"",NA,NA,"",NA,NA,2.2,NA,NA,0.1,NA,NA,NA,NA,"",NA,"",312
"3690",175,2010-12-08,2010,12,"Luis Gonzalez",200,461,5.2,"1.8",283.1,"146.1","135.7","1.4","",NA,NA,0.7,0.7,0.7,2.8,18.8,1.4,"",NA,NA,"1.4",99.48,"0.7","97.4","","","0.7","","0.7","",NA,1.4,"0.7",NA,0.7,NA,NA,41.7,NA,"",NA,4.2,"0.7",NA,NA,18.8,NA,NA,NA,NA,NA,NA,NA,"",NA,"",341
"3691",175,2010-12-08,2010,12,"Luis Gonzalez",500,31,3.04,"1.53",17.9,"17.4","0.6","","",NA,NA,0.1,0.6,NA,0.7,NA,1,"",NA,NA,"0.4",1.11,"","","","","0.7","","0.3","0.1",NA,0.1,"0.1",0.3,1.1,NA,0.1,1.3,NA,"",NA,0.1,"",NA,NA,NA,NA,NA,NA,NA,NA,NA,NA,"",NA,"",341
"3728",176,2011-01-11,2011,1,"Luis Gonzalez",500,42,3.19,"1.37",33,"31.2","1.8","","",NA,0.1,0.4,3.3,NA,0.4,0.7,0.4,"",NA,NA,"0.6",0.7,"","","","","0.3","","","0.4",NA,NA,"",0.1,1.5,NA,0.3,0.6,0.1,"",NA,NA,"",NA,NA,0.7,NA,NA,NA,NA,NA,NA,NA,"",NA,"",10
"3729",176,2011-01-11,2011,1,"Luis Gonzalez",200,668,8.5,"3.1",371.4,"217.8","129.2","24.4","",NA,NA,NA,5.2,2.2,5.9,7.4,1.5,"",NA,NA,"1.5",212.64,"36.9","173.5","","","1.5","","0.7","",NA,0.7,"1.5",NA,4.4,NA,NA,5.9,NA,"",NA,7.4,"",NA,NA,7.4,NA,NA,0.7,0.7,NA,NA,NA,"",NA,"",10
"3766",177,2011-02-08,2011,2,"Luis Gonzalez",500,140,6.15,"1.17",83.2,"66.3","16.4","0.5","",NA,1.1,2.1,9.5,0.5,NA,3.2,1.1,"",0.5,NA,"1.1",20.67,"1.1","14.8","1.6","","1.1","0.5","0.5","1.1",NA,1.6,"",NA,6.9,NA,NA,1.6,0.5,"",0.5,NA,"",NA,NA,3.2,NA,NA,5.8,NA,NA,NA,NA,"",NA,"",38
"3767",177,2011-02-08,2011,2,"Luis Gonzalez",200,2499,25.9,"9.4",1322,"735.5","576.5","9.9","",NA,NA,2,9.9,129.2,11.9,8,2,"",NA,NA,"2.0",763.36,"99.4","646.1","11.9","2.0","2.0","","2.0","",NA,6,"",NA,6,NA,NA,2,NA,"",NA,8,"",NA,NA,8,NA,NA,109.3,NA,NA,NA,NA,"",NA,"",38
"3804",178,2011-03-15,2011,3,"Luis Gonzalez",200,1481,14.2,"4.0",769.6,"430.1","338.7","0.8","",NA,1.5,1.5,15.2,5.3,12.9,118,3.8,"0.8",1.5,0,"0.0",404.96,"102.8","293.1","","1.5","3.8","0.0","3.8","0.0",NA,6.1,"1.5",NA,2.3,NA,0.8,3,NA,"",NA,NA,"",NA,NA,118,NA,NA,19,0.8,NA,NA,NA,"",NA,"",73
"3805",178,2011-03-15,2011,3,"Luis Gonzalez",500,193,8.57,"2.99",102.3,"93.6","8.7","","",NA,3.7,1.4,4.6,NA,NA,68.5,1.4,"",0.9,NA,"",1.83,"","","","","","","1.8","",NA,0.9,"",NA,0.9,NA,2.3,NA,NA,"",NA,NA,"",NA,NA,68.5,NA,NA,3.7,0.9,NA,NA,NA,"",NA,"",73
"3842",179,2011-04-12,2011,4,"Luis Gonzalez",200,1605,15.4,"3.6",579.1,"228.0","342.0","9.1","",NA,NA,1.5,6.8,94.9,5.3,9.1,NA,"0.0",0,0,"0.0",725,"95.0","627.0","","0.0","0.8","0.0","1.5","0.8",NA,5.3,"",NA,3,NA,NA,4.6,NA,"",NA,NA,"",NA,NA,9.1,NA,NA,34.2,38,NA,NA,NA,"",NA,"",101
"3843",179,2011-04-12,2011,4,"Luis Gonzalez",500,239,4.63,"1.13",130.8,"114.9","16.0","","",NA,1.9,1.3,8.9,31.9,3.2,7,0.6,"",NA,NA,"",10.21,"1.9","","","","1.3","","6.4","0.6",NA,1.9,"",NA,3.2,NA,0.6,1.3,0.6,"",NA,NA,"",NA,NA,7,NA,NA,1.9,31.9,1.3,NA,NA,"",NA,"",101
"3880",180,2011-05-10,2011,5,"Luis Gonzalez",500,60,3.52,"0.82",35.5,"31.5","4.0","","",NA,1.2,0.6,6,2.3,NA,6.9,2.9,"",NA,NA,"",1.14,"","","","","0.6","","0.6","",NA,NA,"",NA,NA,NA,0.6,2.3,NA,"0.3",NA,NA,"",NA,NA,6.9,NA,NA,NA,0.3,NA,NA,NA,"",NA,"",129
"3881",180,2011-05-10,2011,5,"Luis Gonzalez",200,448,16.1,"4.7",284,"122.3","160.5","1.1","",NA,0.8,0.4,5,2.7,10.7,4.2,1.9,"0.4",0,0,"0.0",125.74,"0.8","120.4","","0.4","1.5","0.4","2.3","",NA,0.8,"",0.4,2.3,NA,0.4,3.1,NA,"",NA,NA,"",NA,NA,4.2,NA,NA,NA,NA,NA,NA,NA,"",NA,"",129
"3918",181,2011-06-09,2011,6,"Luis Gonzalez",500,81,4.74,"1.35",53.1,"50.6","2.5","","",NA,0.5,0.5,1.2,NA,2,17.8,0.2,"",0.4,NA,"",2.66,"","","","","1.4","","1.2","",NA,NA,"",0.2,NA,NA,0.5,0.4,NA,"0.2",NA,NA,"",NA,0.2,17.8,NA,NA,0.4,0.4,0.4,NA,NA,"",NA,"",159
"3919",181,2011-06-09,2011,6,"Luis Gonzalez",200,510,9.8,"3.1",371.1,"189.4","180.5","1.2","",NA,NA,0.6,5.3,0.6,7.1,14.8,NA,"0.0",0,0,"0.0",94.12,"","88.8","","0.0","3.6","0.0","1.8","",NA,NA,"",NA,NA,NA,NA,0.6,NA,"1.8",NA,0.6,"",NA,NA,14.8,NA,NA,7.7,NA,NA,NA,NA,"",NA,"",159
"3956",182,2011-07-07,2011,7,"Luis Gonzalez",200,1478,21.3,"8.1",670.8,"396.0","272.9","2.0","",NA,0.7,2,2.7,4,22,14.6,4,"",NA,NA,"",298.87,"2.7","179.7","","","2.0","","2.0","0.7",NA,0.7,"",NA,2,NA,NA,2.7,NA,"1.3",NA,0.7,"",NA,NA,14.6,NA,NA,6.7,3.3,NA,NA,NA,"",NA,"",187
"3957",182,2011-07-07,2011,7,"Luis Gonzalez",500,172,8.93,"4.27",70.1,"51.9","18.0","0.2","",NA,0.6,NA,2,NA,1.6,19,2.4,"",0.2,NA,"0.6",5.8,"","1.2","","","1.4","","2.2","1.0",NA,0.4,"",NA,0.4,NA,NA,0.2,NA,"",0.2,NA,"",NA,NA,19,NA,NA,0.2,4,NA,NA,NA,"",NA,"",187
"3994",183,2011-08-09,2011,8,"Luis Gonzalez",200,1151,18.6,"6.9",607.3,"404.2","202.1","1.1","",NA,1.1,2.1,6.4,NA,19.1,101,5.3,"",NA,NA,"",304.19,"2.1","297.8","","","1.1","","3.2","",NA,2.1,"",NA,1.1,NA,NA,3.2,NA,"",NA,NA,"",NA,NA,101,NA,NA,90.4,1.1,NA,NA,NA,"",NA,"",220
"3995",183,2011-08-09,2011,8,"Luis Gonzalez",500,193,9.31,"4.69",97.9,"89.3","8.5","","",NA,2.1,0.5,7.5,1.6,2.7,55.8,1.6,"",NA,NA,"",16.48,"0.5","16.0","","","","","","",NA,1.1,"",NA,1.1,NA,0.5,NA,NA,"",NA,NA,"0.5",NA,NA,55.8,NA,NA,4,NA,NA,NA,NA,"",NA,"",220
"4032",184,2011-09-06,2011,9,"Luis Gonzalez",200,732,11.6,"4.3",571.7,"257.2","311.6","2.9","",NA,0.7,NA,2.9,NA,9.4,3.6,0.7,"",NA,NA,"",66.66,"","65.2","","","0.7","","0.7","",NA,1.5,"",NA,0.7,NA,NA,2.2,0.7,"",NA,NA,"",NA,0.7,3.6,NA,NA,68.8,NA,NA,NA,NA,"",NA,"",248
"4033",184,2011-09-06,2011,9,"Luis Gonzalez",500,76,7.05,"3.45",50,"40.2","9.8","","",NA,1.6,NA,6.5,NA,1.1,6,0.5,"",0.3,NA,"",2.45,"","","0.8","","1.1","","0.5","",NA,0.3,"",NA,3.8,NA,1.1,0.8,0.3,"",NA,NA,"",NA,0.3,6,NA,NA,1.1,NA,0.3,NA,NA,"",NA,"",248
"4070",185,2011-10-04,2011,10,"Luis Gonzalez",500,41,3.62,"1.75",23.6,"18.3","5.2","","",NA,0.2,NA,2.5,0.5,0.7,4.9,1.2,"",NA,NA,"",3.1,"","1.8","","","1.0","","0.2","0.2",NA,NA,"0.2",NA,0.3,NA,0.5,1.2,0.3,"",0.3,0.2,"",NA,NA,4.9,NA,NA,0.7,0.7,0.2,NA,NA,"",NA,"",276
"4071",185,2011-10-04,2011,10,"Luis Gonzalez",200,798,10.4,"4.0",566.2,"270.6","290.3","5.2","",NA,0.9,NA,1.3,28.4,10.9,7.9,1.3,"",NA,NA,"",149.73,"0.9","148.4","","0.4","","","","",NA,0.3,"",0.4,NA,NA,NA,3.9,NA,"",NA,0.4,"",NA,NA,7.9,NA,NA,24,0.9,NA,NA,NA,"",NA,"",276
"4108",186,2011-11-18,2011,11,"Luis Gonzalez",200,305,7.7,"1.9",167.1,"80.6","85.7","0.8","",NA,NA,NA,NA,0.8,10.2,30.7,1,"",NA,NA,"",50.4,"0.8","47.3","0.3","","0.3","0.3","1.5","",NA,9,"",0.3,0.5,NA,1.3,3.8,NA,"",0.5,0.3,"",NA,12.8,30.7,NA,NA,11.5,1.5,NA,NA,NA,"",NA,"",321
"4109",186,2011-11-18,2011,11,"Luis Gonzalez",500,40,2.31,"0.97",20.2,"18.9","1.3","","",NA,NA,NA,2.6,NA,0.8,4.6,0.3,"",0.5,NA,"",1.02,"","","","","1.0","","","",NA,NA,"",NA,0.5,NA,0.3,1,NA,"",NA,NA,"0.3",NA,NA,4.6,NA,NA,0.5,7.2,NA,NA,NA,"",NA,"",321
"4146",187,2012-01-10,2012,1,"Luis Gonzalez",200,1051,27.3,"14.6",677.5,"553.5","103.3","20.7","",NA,1.5,8.9,19.2,22.1,39.9,4.4,0,"",NA,NA,"0.0",219.93,"88.6","103.3","1.5","22.1","1.5","","3.0","",NA,1.5,"",NA,NA,NA,NA,7.4,NA,"",NA,0,"0.0",4.4,0,4.4,NA,NA,44.3,1.5,3,NA,NA,"",NA,"",9
"4147",187,2012-01-10,2012,1,"Luis Gonzalez",500,110,9.96,"6.08",54.6,"53.1","1.5","","",NA,0.7,31,8.1,NA,1.5,0.7,0,"",NA,NA,"",2.95,"0.7","","1.5","","0.0","","0.7","",NA,NA,"",0,0.7,NA,0,0.7,0.7,"",NA,NA,"",0.7,NA,0.7,NA,NA,NA,1.5,6.6,NA,NA,"",NA,"",9
"4184",188,2012-02-07,2012,2,"Luis Gonzalez",200,712,31.7,"16.0",418.6,"317.1","99.7","1.8","",NA,1.8,1.8,12.7,0,27.2,7.2,1.8,"",NA,NA,"1.8",192.06,"32.6","145.0","0.0","7.2","1.8","","5.4","",NA,3.6,"",NA,NA,NA,1.8,1.8,NA,"",NA,0,"0.0",10.9,3.6,7.2,NA,NA,34.4,1.8,NA,NA,NA,"",NA,"",37
"4185",188,2012-02-07,2012,2,"Luis Gonzalez",500,77,10.81,"5.45",49.1,"44.3","4.8","","",NA,0.4,1.6,6,NA,0.8,0,1.6,"",NA,NA,"2.0",2.42,"","","0.4","","0.8","","1.2","",NA,NA,"",0,0,NA,2,0.8,NA,"",NA,NA,"",0.4,0.4,0,NA,NA,7.2,1.6,1.2,NA,NA,"",NA,"",37
"4222",189,2012-03-16,2012,3,"Luis Gonzalez",500,249,19.57,"12.75",101.9,"100.0","1.0","1.0","",NA,0,3.2,67.7,NA,NA,0.6,3.2,"",4.2,NA,"",1.94,"","","1.0","","1.0","","","",NA,NA,"",0,64.5,NA,NA,0.3,NA,"",NA,1,"0.6",0.6,NA,0.6,NA,NA,NA,0,NA,NA,NA,"",NA,"",75
"4223",189,2012-03-16,2012,3,"Luis Gonzalez",200,318,17.9,"8.4",196.8,"106.5","88.7","1.6","",NA,NA,NA,2.3,1,5.5,0.6,0.3,"",NA,NA,"0.0",97.11,"24.2","67.7","2.3","2.6","0.3","","","",NA,2.6,"0.6",NA,9,NA,0.3,0.6,NA,"",NA,1.3,"0.3",NA,0,0.6,NA,NA,0,NA,NA,NA,NA,"",NA,"",75
"4260",190,2012-04-10,2012,4,"Luis Gonzalez",500,280,29.38,"19.13",191,"167.2","23.8","","",NA,3.5,NA,7.9,4.4,0.9,24.6,5.3,"",NA,NA,"",8.8,"","","","","4.4","","4.4","",NA,NA,"",1.8,7,NA,6.2,0.9,0.9,"",NA,NA,"",24.6,NA,24.6,NA,NA,9.7,5.3,1.8,NA,NA,"",NA,"",100
"4261",190,2012-04-10,2012,4,"Luis Gonzalez",200,1869,33.4,"16.9",1186.2,"680.5","504.5","1.2","",NA,3.5,1.2,3.5,3.5,10.6,70.4,8.2,"",NA,NA,"0.0",535.04,"170.1","357.9","0.0","","","","7.0","",NA,1.2,"2.3",2.3,2.3,NA,4.7,14.1,NA,"",NA,NA,"",NA,1.2,70.4,NA,NA,14.1,2.3,2.3,NA,NA,"",NA,"0.3",100
"4298",193,2012-07-26,2012,7,"Luis Gonzalez",500,104,4.51,"1.55",67.8,"60.7","7.2","","",NA,0.3,0.6,12.1,NA,4.4,8.4,2.8,"",0.9,NA,"",1.24,"","","","","0.9","","0.3","",NA,NA,"",NA,0.9,NA,0.3,1.2,NA,"",NA,NA,"",9.3,0.9,8.4,NA,NA,0.3,1.9,NA,NA,NA,"",NA,"",207
"4299",193,2012-07-26,2012,7,"Luis Gonzalez",200,659,6.4,"2.0",574.4,"260.0","314.4","0.0","",NA,1.8,0.6,3.6,3,3,3.6,0,"",NA,NA,"0.0",38.7,"1.2","33.3","1.2","","1.8","","1.2","",NA,1.8,"1.8",1.2,0.6,NA,NA,4.2,0.6,"",NA,NA,"",NA,1.2,3.6,NA,NA,10.3,7.9,0.6,NA,NA,"",NA,"",207
"4336",194,2012-08-14,2012,8,"Luis Gonzalez",200,559,8,"2.8",368,"85.6","280.1","2.3","",NA,0.8,NA,3.9,18.7,20.2,10.1,0,"",0.8,NA,"0.0",115.91,"6.2","108.9","0.0","","0.8","","","",NA,0.8,"0.8",NA,NA,NA,NA,7.8,NA,"",NA,2.3,"",NA,0.8,10.1,NA,NA,7.8,NA,NA,NA,NA,"",NA,"",226
"4337",194,2012-08-14,2012,8,"Luis Gonzalez",500,77,4.21,"1.43",60.4,"54.1","6.2","","",NA,NA,NA,8.1,NA,1.9,1.6,0,"",NA,NA,"0.3",2.71,"","","","","1.4","0.3","1.1","",NA,0.3,"",NA,0.8,NA,NA,0.3,NA,"",NA,NA,"",1.6,NA,1.6,NA,NA,1.1,NA,NA,NA,NA,"",NA,"",226
"4376",196,2012-10-10,2012,10,"Luis Gonzalez",500,94,4.63,"1.75",52.3,"42.4","9.9","","",NA,NA,NA,5.4,NA,0.5,21.6,0,"0.9",0.5,NA,"",1.8,"","","","","1.4","","0.5","",NA,NA,"",0.5,0.9,NA,1.8,4.1,0.5,"",0.5,NA,"2.3",21.6,NA,21.6,NA,NA,0.5,NA,NA,NA,NA,"",NA,"",283
"4377",196,2012-10-10,2012,10,"Luis Gonzalez",200,867,9.3,"3.5",498,"225.5","270.6","1.8","",NA,NA,NA,4.5,0,24.4,11.7,0.9,"",1.8,NA,"0.0",239.96,"0.0","234.6","1.8","","1.8","","1.8","",NA,0.9,"0.9",NA,NA,NA,NA,13.5,NA,"",NA,0.9,"",NA,63.1,11.7,NA,NA,6.3,NA,NA,NA,NA,"",NA,"",283
"4414",197,2012-11-08,2012,11,"Luis Gonzalez",500,69,4.04,"1.63",35.9,"35.1","0.8","","",NA,1.3,NA,4.6,NA,1.7,19.2,0.4,"",NA,NA,"",2.09,"","","","","1.7","","0.4","",NA,NA,"",0,1.3,NA,1.3,NA,NA,"",NA,NA,"",19.2,NA,19.2,NA,NA,0.8,0.4,NA,NA,NA,"",NA,"",312
"4415",197,2012-11-08,2012,11,"Luis Gonzalez",200,914,7.3,"3.3",597.5,"360.5","234.3","2.7","",NA,NA,NA,5.4,0,12.6,45.1,0,"",NA,NA,"0.0",210.89,"3.6","202.8","2.7","","0.9","","0.9","",NA,0.9,"",NA,NA,NA,NA,9.9,NA,"",NA,2.7,"0.9",NA,21.6,45.1,NA,NA,6.3,NA,NA,NA,NA,"",NA,"",312
"4452",198,2012-12-04,2012,12,"Luis Gonzalez",500,82,3.46,"1.04",46.8,"42.0","4.8","","",NA,1.1,0.3,5.6,NA,0.6,15.4,1.4,"",NA,NA,"0.3",2.8,"","","","","1.4","","1.4","",NA,0.3,"",NA,0.8,NA,2,0.3,NA,"",NA,NA,"0.3",15.7,0.3,15.4,NA,NA,2,NA,2.2,NA,NA,"",NA,"",338
"4453",198,2012-12-04,2012,12,"Luis Gonzalez",200,462,9.6,"3.9",295,"225.7","66.9","2.5","",NA,NA,NA,5,0,9.2,46,0.8,"0.8",NA,NA,"0.0",80.24,"5.0","75.2","0.0","","","","","",NA,1.7,"1.7",NA,1.7,NA,3.3,1.7,NA,"",NA,NA,"",NA,4.2,46,NA,NA,10.9,NA,NA,NA,NA,"",NA,"0.9",338
"4490",199,2013-03-05,2013,3,"Luis Gonzalez",200,660,NA,"",495.1,"345.6","149.5","0.0","",NA,0.9,NA,0.9,6.5,14.9,19.6,1.9,"",NA,NA,"0.0",88.74,"0.9","84.1","0.9","","","","2.8","",NA,4.7,"0.0",NA,NA,NA,1.9,7.5,NA,"",NA,0.9,"0.9",NA,3.7,19.6,NA,NA,5.6,NA,5.6,NA,NA,"",NA,"",63
"4491",199,2013-03-05,2013,3,"Luis Gonzalez",500,144,13.14,"6.07",108.9,"107.0","1.9","","",NA,0.5,0.5,14.4,1.4,0.5,7,1.9,"",NA,NA,"",3.26,"","0.9","","","0.9","","1.4","",NA,NA,"",NA,2.3,NA,NA,1.4,0.5,"",NA,NA,"0.5",7.4,0.5,7,NA,NA,NA,0.9,NA,NA,NA,"",NA,"",63
"4528",200,2013-04-09,2013,4,"Luis Gonzalez",200,826,17.8,"",594.5,"420.1","173.5","0.9","",NA,1.8,NA,8.2,0.9,14.6,17.4,0.9,"",NA,NA,"0.0",170.78,"63.9","100.5","2.7","","0.9","","2.7","",NA,0.9,"0.9",NA,1.8,NA,0.9,3.7,NA,"",NA,1.8,"",NA,0.9,17.4,NA,NA,5.5,NA,0.9,NA,NA,"",NA,"0.9",98
"4529",200,2013-04-09,2013,4,"Luis Gonzalez",500,108,10.06,"",76.6,"75.0","1.3","0.3","",NA,1.3,0.3,7.5,0,0.7,4.9,2,"",0.3,NA,"",9.46,"0.3","","1.3","","2.6","0.3","4.6","0.3",NA,0.7,"",0.3,0.3,NA,0.3,0.3,NA,"",NA,NA,"",4.9,NA,4.9,NA,NA,NA,2.6,0.3,NA,NA,"",NA,"",98
"4566",201,2013-05-09,2013,5,"Luis Gonzalez",200,827,18.1,"6.8",565,"335.5","225.1","4.4","",NA,2.6,NA,16.8,11.5,15.9,6.2,3.5,"",0.9,NA,"0.9",175.68,"5.3","163.3","","","1.8","","5.3","",NA,0.9,"",NA,NA,NA,NA,12.4,NA,"",NA,NA,"",NA,0,6.2,NA,NA,13.2,NA,NA,NA,NA,"",NA,"",128
"4567",201,2013-05-09,2013,5,"Luis Gonzalez",500,114,11.59,"4.88",82.8,"71.7","11.0","","",NA,0.9,0.4,13.2,2.9,1.1,3.3,2,"",0.2,NA,"0.2",2.87,"","0.2","","","0.9","","1.8","",NA,0.2,"",NA,0.9,NA,NA,1.8,0.2,"",NA,NA,"",3.3,NA,3.3,NA,NA,0.4,0.4,NA,NA,NA,"",NA,"",128
"4604",202,2013-06-11,2013,6,"Luis Gonzalez",500,187,5.83,"1.77",128.9,"93.4","35.5","","",NA,7.1,1.3,22.4,2.1,2.1,6.1,1.6,"",NA,NA,"",8.16,"","","","","2.6","0.5","5.0","",NA,0.3,"",NA,1.6,NA,2.4,0.8,0.3,"",NA,NA,"",6.1,NA,6.1,NA,NA,1.3,0.3,0.8,NA,NA,"",NA,"",161
"4605",202,2013-06-11,2013,6,"Luis Gonzalez",200,1475,16.9,"4.0",1359.5,"870.4","488.2","0.9","",NA,3.7,3.7,5.5,4.6,13.8,17.5,0.9,"",NA,NA,"0.0",46.05,"3.7","33.2","","","2.8","","6.4","",NA,0.9,"",NA,0.9,NA,NA,8.3,0.9,"",NA,0.9,"",NA,0.9,17.5,NA,NA,4.6,1.8,NA,NA,NA,"",NA,"",161
"4642",203,2013-07-11,2013,7,"Jaimie Rojas Marquez",200,1251,NA,"",948.9,"669.3","72.0","4.2","203.3",NA,3.8,1.3,8.1,2.5,8.9,NA,1.3,"",0.4,0.4,"1.7",216.04,"29.7","182.2","","","3.8","","","0.4",NA,1.7,"",3,3.8,NA,NA,NA,NA,"",NA,NA,"",NA,NA,NA,NA,NA,47.9,NA,1.7,NA,NA,"",NA,"",191
"4643",203,2013-07-11,2013,7,"Jaimie Rojas Marquez",500,68,NA,"",47.7,"33.9","2.1","","11.6",NA,0.8,0.4,2.8,0.2,1.9,0,0.4,"0.3",NA,NA,"0.3",5.96,"","4.2","","","1.1","","0.5","0.1",NA,NA,"",0.1,1.2,NA,0.3,NA,NA,"",NA,NA,"",NA,NA,0,NA,NA,0.9,0.5,NA,NA,NA,"",NA,"",191
"4678",204,2013-08-13,2013,8,"Jaimie Rojas Marquez",200,273,7.3,"3.2",146.7,"108.5","15.0","3.4","19.8",NA,0.5,0.5,14,2.9,5.8,42.6,2.4,"",NA,NA,"",68.26,"","60.0","0.5","","1.5","","0.5","2.9",NA,0.5,"",NA,NA,NA,0.5,1.9,3.9,"",NA,1.5,"",42.6,NA,42.6,NA,NA,0.5,NA,NA,NA,NA,"",NA,"",224
"4679",204,2013-08-13,2013,8,"Jaimie Rojas Marquez",500,189,4.4,"1.23",97.8,"89.1","4.4","0.5","3.9",NA,0.5,3.9,7.8,NA,1,55.2,2.7,"",NA,NA,"0.2",14.28,"","3.6","","","2.9","2.9","","4.8",NA,1,"",NA,NA,NA,1,NA,1,"",NA,1,"1.0",55.2,NA,55.2,NA,NA,NA,NA,NA,NA,NA,"",NA,"",224
"4716",205,2013-09-11,2013,9,"Jaimie Rojas Marquez",200,449,9.6,"2.1",325.8,"132.6","14.1","9.9","169.3",NA,0.4,1.4,1.9,NA,24,79,NA,"",NA,NA,"",2.47,"","","","1.4","1.1","","","",NA,NA,"",NA,0.7,NA,NA,1.4,0.2,"",NA,1.4,"7.1",NA,NA,79,NA,NA,NA,NA,NA,NA,NA,"",NA,"",253
"4717",205,2013-09-11,2013,9,"Jaimie Rojas Marquez",500,126,6.58,"0.82",58.3,"29.6","3.8","","24.9",NA,2.4,0.9,21.2,NA,2.4,12.7,0.9,"",NA,NA,"0.5",10.81,"","5.6","","","2.4","2.8","","",NA,0.5,"",NA,2.4,NA,1.9,3.3,1.9,"",NA,NA,"4.7",NA,NA,12.7,NA,NA,0.9,NA,0.9,NA,NA,"",NA,"",253
"4754",206,2013-10-08,2013,10,"Jaimie Rojas Marquez",500,31,2.16,"0.75",19.9,"17.2","1.6","","1.1",NA,0.1,NA,0.4,NA,2.4,6.2,0.5,"0.1",NA,0.1,"0.1",0.5,"","","","0.1","0.4","","","",NA,0.1,"",0.1,0.2,NA,0.1,NA,0.1,"",NA,0.1,"0.1",NA,NA,6.2,NA,NA,NA,NA,0.1,NA,NA,"",NA,"",280
"4755",206,2013-10-08,2013,10,"Jaimie Rojas Marquez",200,68,5,"1.7",51.7,"32.2","2.2","0.9","16.4",NA,NA,NA,NA,NA,1.5,NA,0.9,"",0.2,NA,"0.0",7.21,"","6.2","","","0.6","","0.1","0.2",NA,NA,"",NA,0.4,NA,NA,NA,NA,"",NA,NA,"",NA,NA,5.2,NA,NA,NA,NA,NA,NA,NA,"",NA,"",280
"4792",207,2013-11-13,2013,11,"Jaimie Rojas Marquez",500,190,4.42,"0.69",164.1,"133.3","15.8","","15.0",NA,NA,NA,5.8,NA,15,1.2,0.1,"",NA,NA,"0.2",2.71,"","1.7","","0.1","0.9","","","",NA,0.1,"",NA,0.1,NA,0.3,NA,NA,"",NA,NA,"",1.2,NA,1.2,NA,NA,NA,NA,0.1,NA,NA,"",NA,"",316
"4793",207,2013-11-13,2013,11,"Jaimie Rojas Marquez",200,406,9.8,"1.9",299.9,"166.5","36.0","1.5","96.0",NA,0.1,0.7,0.9,NA,12,10.5,0.3,"",NA,NA,"0.1",79.48,"15.0","52.5","","","12.0","","","",NA,0.1,"",NA,1.3,NA,0.1,NA,NA,"",NA,NA,"",10.5,NA,10.5,NA,NA,NA,NA,NA,NA,NA,"",NA,"",316
"4830",208,2013-12-04,2013,12,"Jaimie Rojas Marquez",200,265,4.4,"1.7",180.6,"90.3","24.8","8.9","56.6",NA,NA,NA,0.1,0.1,0.6,17.9,NA,"",NA,NA,"",64.18,"","63.5","0.2","","0.4","","","",NA,0.4,"",NA,0.3,NA,0.3,NA,NA,"",NA,NA,"",18,NA,17.9,NA,NA,NA,NA,NA,NA,NA,"",NA,"",337
"4831",208,2013-12-04,2013,12,"Jaimie Rojas Marquez",500,28,2.32,"0.97",24.5,"20.2","2.3","","2.0",NA,0.1,NA,0.2,NA,1.1,0.3,NA,"",NA,NA,"0.1",0.61,"","","","0.1","0.5","","","",NA,0.1,"",NA,0.2,NA,0.1,NA,0.1,"",NA,NA,"0.1",0.3,NA,0.3,NA,NA,0.2,NA,NA,NA,NA,"",NA,"",337
"4868",209,2014-01-14,2014,1,"Jaimie Rojas Marquez",200,327,15.7,"3.6",240.7,"153.5","4.9","2.5","79.8",NA,NA,4.9,8.9,0.3,11.4,4,1.2,"0.0",0,NA,"2.1",50.97,"9.8","38.1","0.0","2.8","0.3","","","",NA,NA,"",NA,NA,NA,0.6,1.2,NA,"0.3",NA,NA,"",4,NA,4,NA,NA,NA,NA,NA,NA,NA,"",NA,"",13
"4869",209,2014-01-14,2014,1,"Jaimie Rojas Marquez",500,268,4.61,"0.83",232.9,"219.4","9.8","3.3","0.4",NA,0.2,0.4,2.3,0.4,2.3,0.2,0.8,"",NA,NA,"2.0",25.59,"6.5","18.0","","","1.0","","","",NA,NA,"",NA,0.4,NA,NA,NA,NA,"0.4",NA,NA,"",0.2,NA,0.2,NA,NA,NA,0.2,NA,NA,NA,"",NA,"",13
"4906",210,2014-02-04,2014,2,"Jaimie Rojas Marquez",500,185,2.62,"0.39",159.9,"102.7","21.5","","35.7",NA,0.4,3.2,9.3,0.2,1.2,NA,NA,"",NA,NA,"0.4",7.71,"","6.1","","","0.8","","","0.8",NA,NA,"",NA,1.6,NA,0.2,0.4,0.4,"",NA,NA,"",NA,NA,NA,NA,NA,0.4,NA,NA,NA,NA,"",NA,"",34
"4907",210,2014-02-04,2014,2,"Jaimie Rojas Marquez",200,730,5,"0.7",644.5,"358.8","56.8","1.6","227.3",NA,0.3,6.8,2.9,2.3,5.5,23.4,0,"0.3",0.6,NA,"0.3",33.12,"4.2","27.6","0.6","","0.6","","","",NA,NA,"",NA,0.3,0.3,NA,0.3,1.6,"",NA,6.2,"0.3",23.4,NA,23.4,NA,NA,NA,NA,NA,NA,NA,"",NA,"",34
"4944",211,2014-04-01,2014,4,"Jaimie Rojas Marquez",500,67,7.46,"1.65",53.6,"52.1","0.9","","0.6",NA,0.2,1.1,2.3,5.2,1.3,1.1,NA,"",NA,NA,"",2.65,"0.2","","","1.1","1.3","","","",NA,NA,"",NA,0.6,NA,NA,NA,NA,"0.2",NA,NA,"",1.1,NA,1.1,NA,NA,0.2,NA,NA,NA,NA,"",NA,"",90
"4945",211,2014-04-01,2014,4,"Jaimie Rojas Marquez",200,322,9.4,"2.4",141.6,"91.3","4.1","0.5","45.7",NA,NA,1.5,1.5,0.3,10.7,7.6,0.5,"1.5",0,NA,"0.3",151.23,"89.8","53.3","6.1","","2.0","","","",NA,NA,"",NA,0.3,NA,NA,0.8,NA,"",NA,NA,"1.5",9.1,NA,7.6,NA,NA,1.5,NA,NA,NA,NA,"",NA,"",90
"4982",212,2014-05-06,2014,5,"Jaimie Rojas Marquez",200,625,13.8,"3.8",419,"210.8","34.3","5.3","168.7",NA,1.5,1.5,5,4.7,4.1,55.3,0.3,"",NA,NA,"0.6",129.72,"10.5","113.3","2.6","","3.2","","","",NA,0.3,"",NA,3.8,NA,NA,NA,NA,"",NA,NA,"",55.3,NA,55.3,NA,NA,NA,NA,NA,NA,NA,"",NA,"",125
"4983",212,2014-05-06,2014,5,"Jaimie Rojas Marquez",500,246,7.58,"2.39",215.4,"205.6","6.6","","3.3",NA,NA,NA,9.9,11.2,2.3,3.3,2,"",NA,NA,"",0.66,"0.3","","","","","","","0.3",NA,NA,"",1,0.3,NA,NA,NA,0.3,"",NA,NA,"",3.3,NA,3.3,NA,NA,NA,NA,NA,NA,NA,"",NA,"",125
"5020",213,2014-06-13,2014,6,"Jaimie Rojas Marquez",200,609,27.5,"12.7",493.3,"285.2","30.6","4.4","173.2",NA,NA,NA,14.6,5.8,10.2,13.1,NA,"",0.3,NA,"0.9",60.82,"7.3","49.5","1.5","","2.6","","","",NA,NA,"",NA,2.9,NA,1.2,1.5,NA,"",NA,NA,"1.7",13.1,NA,13.1,NA,NA,2.9,NA,NA,NA,NA,"",NA,"",163
"5021",213,2014-06-13,2014,6,"Jaimie Rojas Marquez",500,136,20.42,"9.07",117.6,"109.9","6.1","","1.6",NA,NA,NA,4.4,1.2,0.8,NA,NA,"",NA,NA,"",3.64,"","","","","3.6","","","",NA,NA,"",NA,NA,NA,NA,NA,NA,"",NA,NA,"0.4",NA,NA,NA,NA,NA,NA,NA,NA,NA,NA,"",NA,"",163
"5058",214,2014-09-03,2014,9,"Jaimie Rojas Marquez",200,825,16.7,"5.2",745.1,"333.0","61.3","3.0","347.9",NA,NA,NA,15.6,3,8.9,8.3,2.7,"",NA,NA,"0.7",24.52,"3.3","14.9","1.7","","4.6","","","",NA,0.7,"",NA,NA,NA,NA,0.3,NA,"",NA,NA,"",8.3,NA,8.3,NA,NA,14.9,NA,NA,NA,NA,"",NA,"",245
"5059",214,2014-09-03,2014,9,"Jaimie Rojas Marquez",500,215,20.84,"9.13",173.4,"159.0","6.3","","8.1",NA,NA,1.8,18.8,NA,1.5,2.2,1.5,"1.5",NA,NA,"0.7",9.57,"","2.2","","","7.4","","","",NA,NA,"",0.4,2.2,NA,0.7,0.4,NA,"",NA,NA,"",2.2,NA,2.2,NA,NA,0.4,NA,NA,NA,NA,"",NA,"",245
"5096",215,2014-10-07,2014,10,"Jaimie Rojas Marquez",500,22,3.44,"1.85",11.6,"8.2","2.4","","1.0",NA,NA,NA,0.7,NA,NA,7,NA,"",0.2,NA,"",0.96,"","","","","1.0","","","",NA,NA,"",NA,NA,NA,NA,NA,NA,"",NA,NA,"2.4",7,NA,7,NA,NA,NA,NA,NA,NA,NA,"",NA,"",279
"5097",215,2014-10-07,2014,10,"Jaimie Rojas Marquez",200,189,7.2,"3.5",149.3,"107.1","3.1","0.6","38.6",NA,NA,0.2,0.8,0.8,0.2,27,NA,"",0.8,1.9,"",2.12,"1.0","","","0.2","1.0","","","",NA,1,"",NA,2.9,NA,NA,1,1,"",NA,NA,"",27,NA,27,NA,NA,NA,NA,NA,NA,NA,"",NA,"",279
"5134",216,2014-11-12,2014,11,"Jaimie Rojas Marquez",200,169,5.1,"1.7",131.7,"85.3","11.0","2.2","33.1",NA,NA,NA,1.8,0,13.2,17.7,0.4,"",NA,NA,"0.4",2.57,"0.4","1.8","","","0.4","","","",NA,NA,"",NA,NA,NA,1.1,0.4,NA,"",NA,NA,"0.4",17.7,NA,17.7,NA,NA,NA,NA,NA,NA,NA,"",NA,"",315
"5135",216,2014-11-12,2014,11,"Jaimie Rojas Marquez",500,213,2.99,"0.95",132.2,"72.1","14.7","1.2","44.1",NA,NA,NA,5.9,0.5,23.5,23.5,0.2,"0.2",NA,NA,"",19.86,"","19.1","","","0.7","","","",NA,NA,"",NA,NA,NA,1.5,1.5,1.5,"",NA,1.5,"1.5",23.5,NA,23.5,NA,NA,NA,NA,NA,NA,NA,"",NA,"",315
"5172",217,2014-12-04,2014,12,"Jaimie Rojas Marquez",200,511,11.7,"4.0",233.4,"126.1","26.6","1.1","79.7",NA,0.2,NA,13.3,39.8,13.3,15.9,2.7,"5.3",NA,NA,"0.2",122.37,"39.8","79.7","","","2.7","","","0.2",NA,NA,"",NA,1.1,NA,NA,15.9,NA,"",NA,15.9,"15.9",15.9,NA,15.9,NA,NA,15.9,NA,NA,NA,NA,"",NA,"",337
"5173",217,2014-12-04,2014,12,"Jaimie Rojas Marquez",500,67,4.49,"1.14",50,"45.1","0.9","","4.0",NA,0.2,NA,4,NA,2.7,8,0.2,"",0.2,NA,"0.4",0.89,"0.2","","","","","","0.4","0.2",NA,NA,"",NA,NA,NA,0.2,NA,NA,"",NA,NA,"0.2",8,NA,8,NA,NA,NA,NA,NA,NA,NA,"",NA,"",337
"5210",219,2015-03-10,2015,3,"Jaimie Rojas Marquez",200,634,16.4,"2.2",337.8,"186.8","50.0","0.8","100.1",NA,NA,NA,2.1,2.1,13.3,NA,NA,"0.4",1.3,0.4,"",271.09,"166.8","100.1","1.7","0.8","1.7","","","",NA,1.3,"",1.3,0.8,NA,1.7,NA,NA,"",NA,NA,"",NA,NA,NA,NA,NA,NA,NA,NA,NA,NA,"",NA,"",68
"5211",219,2015-03-10,2015,3,"Jaimie Rojas Marquez",500,34,8.2,"2.60",30.4,"29.7","0.5","","0.2",NA,0.2,NA,0.7,0.2,0.2,NA,0.2,"",0.2,NA,"",1.48,"","","","","1.0","","0.5","",NA,NA,"",NA,0.2,NA,0.2,0.2,NA,"",NA,NA,"0.2",NA,NA,NA,NA,NA,NA,NA,NA,NA,NA,"",NA,"",68
"5248",220,2015-04-24,2015,4,"Jaimie Rojas Marquez",500,73,6.7,"2.56",55.5,"41.6","6.6","","7.3",NA,0.4,NA,1.1,NA,1.1,10.9,0.4,"0.4",0.4,NA,"0.4",0.73,"","","0.7","","","","","",NA,NA,"",0.4,NA,NA,NA,0.4,NA,"",NA,0.4,"0.4",10.9,NA,10.9,NA,NA,NA,NA,NA,NA,NA,"",NA,"",113
"5249",220,2015-04-24,2015,4,"Jaimie Rojas Marquez",200,59,6.1,"2.0",45,"40.7","2.2","","2.2",NA,0.3,NA,0.6,1.3,1.3,3.4,0.3,"",NA,NA,"",4.38,"","3.4","0.6","","0.3","","","",NA,NA,"",0.6,0.6,NA,NA,NA,NA,"",0.3,NA,"0.6",3.4,NA,3.4,NA,NA,NA,NA,NA,NA,NA,"",NA,"",113
"5286",221,2015-07-29,2015,7,"Jaimie Rojas Marquez",500,195,8.11,"2.27",159.4,"136.6","1.5","","21.3",NA,0.3,NA,30.4,NA,NA,1.5,1.5,"",NA,NA,"",0.25,"","","","","0.3","","","",NA,NA,"",0.5,1.5,NA,NA,NA,NA,"",NA,NA,"",1.5,NA,1.5,NA,NA,NA,NA,NA,NA,NA,"",NA,"",209
"5287",221,2015-07-29,2015,7,"Jaimie Rojas Marquez",200,487,9.8,"2.0",391.7,"144.2","119.9","9.1","118.4",NA,0.3,NA,33.4,1.3,10.6,9.1,4.6,"",NA,NA,"0.3",29.35,"12.1","12.7","1.5","","3.0","","","",NA,0.3,"",NA,4.6,NA,0.3,NA,NA,"",NA,0.5,"",9.1,NA,9.1,NA,NA,0.8,NA,NA,NA,NA,"",NA,"",209
"5324",222,2015-08-18,2015,8,"Jaimie Rojas Marquez",200,713,16.3,"5.2",518.8,"249.8","134.5","6.4","128.1",NA,0.4,NA,22.4,76.9,9.6,NA,1.4,"0.7",NA,NA,"1.4",60.84,"44.8","12.8","1.1","0.4","1.8","","","",NA,0.4,"",1.1,6.4,NA,NA,3.2,NA,"",NA,NA,"",NA,NA,NA,NA,NA,9.6,NA,NA,NA,NA,"",NA,"",229
"5325",222,2015-08-18,2015,8,"Jaimie Rojas Marquez",500,251,12.71,"5.57",170.8,"117.1","34.2","","19.5",NA,3.6,1.5,28.8,12.6,1.8,14.4,5.4,"",NA,NA,"1.2",4.5,"","","0.9","","3.6","","","",NA,NA,"",1.5,0.9,NA,NA,NA,1.8,"",0.3,NA,"0.3",14.4,NA,14.4,NA,NA,1.5,NA,NA,NA,NA,"",NA,"",229
"5362",223,2015-09-10,2015,9,"Jaimie Rojas Marquez",200,779,12.1,"4.3",643.1,"241.7","160.0","1.5","239.9",NA,NA,NA,28.4,16,12.4,10.7,NA,"10.7",NA,NA,"",39.1,"26.7","3.6","1.8","","7.1","","","",NA,NA,"",NA,NA,NA,0.3,NA,NA,"",NA,0.6,"",10.7,NA,10.7,NA,NA,17.8,NA,NA,NA,NA,"",NA,"",252
"5363",223,2015-09-10,2015,9,"Jaimie Rojas Marquez",500,169,6.47,"9.32",120,"93.3","13.3","","13.3",NA,0.4,NA,13.3,5.3,0.4,13.3,5.3,"",NA,NA,"2.7",5.33,"","","","","5.3","","","",NA,NA,"",NA,1.3,NA,0.4,NA,NA,"",NA,NA,"",13.3,NA,13.3,NA,NA,NA,NA,0.4,NA,NA,"",NA,"",252
"5400",224,2015-11-16,2015,11,"Jaimie Rojas Marquez",500,99,4.62,"1.34",84.7,"71.1","1.7","","11.9",NA,NA,NA,5,0.3,1.7,3.3,0.3,"",NA,NA,"",3.31,"","","","","3.3","","","",NA,NA,"",NA,NA,NA,NA,0.3,NA,"",NA,NA,"",3.3,NA,3.3,NA,NA,NA,NA,NA,NA,NA,"",NA,"",319
"5401",224,2015-11-16,2015,11,"Jaimie Rojas Marquez",200,1560,6.4,"1.3",1058.9,"551.5","141.2","17.6","348.6",NA,8.8,NA,88.2,26.5,4.4,110.3,1.5,"",NA,NA,"2.9",246.35,"61.8","176.5","4.4","","3.7","","","",NA,NA,"",NA,1.5,NA,4.4,NA,NA,"",NA,NA,"1.5",110.3,NA,110.3,NA,NA,4.4,NA,NA,NA,NA,"",NA,"",319
"5438",225,2015-12-09,2015,12,"Jaimie Rojas Marquez",500,116,3.19,"0.65",94.9,"79.7","2.0","","13.3",NA,2,NA,5.3,NA,1,5,1,"1.0",NA,NA,"1.0",1.99,"","","","","2.0","","","",NA,NA,"",0.2,NA,NA,2,NA,NA,"",NA,NA,"0.3",5,NA,5,NA,NA,NA,NA,NA,NA,NA,"",NA,"",342
"5439",225,2015-12-09,2015,12,"Jaimie Rojas Marquez",200,263,5.7,"1.6",193.8,"115.5","31.9","6.6","39.8",NA,0.4,NA,5.3,NA,10.6,8,0.9,"1.3",NA,NA,"2.7",30.54,"","26.6","","2.7","1.3","","","",NA,NA,"",NA,NA,NA,0.4,2.7,NA,"",NA,6.6,"",8,NA,8,NA,NA,NA,NA,NA,NA,NA,"",NA,"",342
"5476",226,2016-01-12,2016,1,"Jaimie Rojas Marquez",200,480,7.2,"2.2",289.4,"132.5","50.8","6.6","99.4",NA,NA,NA,53,1,13.3,6.1,0.5,"",NA,NA,"2.0",109.23,"1.0","99.4","","2.2","6.6","","","",NA,NA,"",NA,NA,NA,0.5,0.2,NA,"",NA,0.2,"",NA,NA,6.1,NA,NA,4.4,NA,NA,NA,NA,"",NA,"",11
"5477",226,2016-01-12,2016,1,"Jaimie Rojas Marquez",500,120,3.86,"1.42",74.9,"58.0","7.2","","9.7",NA,NA,NA,24.6,1.4,1.4,10.1,1.4,"",NA,NA,"1.2",2.9,"1.4","","","","1.4","","","",NA,NA,"",NA,NA,NA,NA,NA,NA,"",NA,NA,"",10.1,NA,10.1,NA,NA,1.4,NA,NA,NA,NA,"",NA,"",11
"5514",227,2016-02-04,2016,2,"Jaimie Rojas Marquez",200,373,13.6,"7.7",185.8,"102.6","38.8","1.4","43.0",NA,NA,NA,11.1,23.6,8.3,6.9,1.4,"2.8",NA,NA,"2.8",123.43,"48.5","62.4","1.4","1.4","9.7","","","",NA,NA,"",NA,2.8,NA,NA,NA,NA,"",NA,NA,"",6.9,NA,6.9,NA,NA,4.2,NA,NA,NA,NA,"",NA,"",34
"5515",227,2016-02-04,2016,2,"Jaimie Rojas Marquez",500,89,5.16,"2.35",43,"38.8","2.8","","1.4",NA,NA,NA,11.1,18,0,NA,0.2,"1.4",NA,NA,"0.5",7.63,"0.7","","","","6.9","","","",NA,NA,"",NA,5.5,NA,NA,NA,NA,"",NA,NA,"",NA,NA,NA,NA,NA,NA,NA,1.4,NA,NA,"",NA,"",34
"5552",228,2016-05-11,2016,5,"Jaimie Rojas Marquez",200,305,4.7,"1.1",228.9,"106.2","16.5","2.8","103.4",NA,2.8,NA,2.8,1.4,1.4,0.7,0.7,"",NA,NA,"2.8",62.05,"9.7","48.3","","","4.1","","","",NA,NA,"",NA,1.4,NA,NA,NA,NA,"",NA,NA,"",0.7,NA,0.7,NA,NA,NA,NA,NA,NA,NA,"",NA,"",131
"5553",228,2016-05-11,2016,5,"Jaimie Rojas Marquez",500,115,3.75,"1.16",88.9,"74.5","2.1","","12.4",NA,0.3,NA,6.2,0.3,1.4,1,0.7,"",0.7,NA,"2.1",4.48,"0.3","","","","4.1","","","",NA,NA,"",NA,8.3,NA,0.3,NA,NA,"",NA,NA,"0.3",1,NA,1,NA,NA,NA,NA,NA,NA,NA,"",NA,"",131
"5590",229,2016-06-07,2016,6,"Jaimie Rojas Marquez",500,41,1.04,"0.47",30.9,"26.5","","","4.4",NA,NA,NA,0.4,NA,0.2,NA,NA,"",NA,NA,"1.1",3.31,"","1.1","","","2.2","","","",NA,NA,"",NA,4.4,NA,NA,NA,NA,"",NA,NA,"0.2",NA,NA,NA,NA,NA,NA,NA,NA,NA,NA,"",NA,"",158
"5591",229,2016-06-07,2016,6,"Jaimie Rojas Marquez",200,425,3,"1.0",336,"149.0","34.8","16.6","135.7",NA,NA,NA,13.2,NA,5,3.3,1.7,"",NA,NA,"",51.31,"8.3","29.8","","","13.2","","","",NA,NA,"",NA,NA,NA,NA,NA,NA,"",NA,NA,"",NA,NA,NA,NA,NA,NA,NA,NA,NA,NA,"",NA,"",158
"5628",230,2016-09-20,2016,9,"Jaimie Rojas Marquez",200,412,9.2,"3.4",314.3,"203.5","61.8","","49.1",NA,NA,3.6,14.5,NA,NA,9.1,NA,"",NA,NA,"",52.68,"","47.2","","","5.5","","","",NA,NA,"",NA,3.6,NA,NA,NA,NA,"",NA,9.1,"5.5",NA,NA,9.1,NA,NA,NA,NA,NA,NA,NA,"",NA,"",263
"5629",230,2016-09-20,2016,9,"Jaimie Rojas Marquez",500,132,7.91,"3.03",120.6,"110.4","6.8","","3.4",NA,NA,NA,4.8,NA,NA,3.4,0.7,"",NA,NA,"",0.68,"","","","","0.7","","","",NA,NA,"",NA,2.7,NA,NA,NA,NA,"",NA,NA,"",3.4,NA,3.4,NA,NA,NA,NA,NA,NA,NA,"",NA,"",263
"5664",231,2016-12-21,2016,12,"Jaimie Rojas Marquez",200,216,4.1,"0.9",38.8,"23.2","","2.7","12.9",NA,NA,NA,NA,5.5,2.7,NA,1.4,"",NA,NA,"",164.18,"3.4","136.3","","24.5","","","","",NA,NA,"",NA,NA,NA,NA,NA,NA,"",NA,3.4,"5.5",NA,NA,NA,NA,NA,NA,NA,NA,NA,NA,"",NA,"",355
"5665",231,2016-12-21,2016,12,"Jaimie Rojas Marquez",500,26,1.27,"0.32",22.2,"20.8","","","1.4",NA,NA,NA,NA,NA,NA,NA,0.2,"",NA,NA,"0.2",1.76,"","1.4","","0.3","","","","",NA,NA,"",NA,0,NA,NA,0.8,NA,"",NA,0.8,"",NA,NA,0,NA,NA,NA,NA,NA,NA,NA,"",NA,"",355
"5702",232,2017-01-12,2017,1,"Jaimie Rojas Marquez",200,759,3.1,"0.7",268.6,"211.5","31.7","8.5","16.9",NA,NA,NA,10.6,8.5,31.7,NA,NA,"",NA,NA,"4.2",403.96,"19.0","253.8","","126.9","4.2","","","",NA,NA,"",NA,NA,NA,NA,NA,NA,"",NA,NA,"",31.7,NA,31.7,NA,NA,NA,NA,NA,NA,NA,"",NA,"",11
"5703",232,2017-01-12,2017,1,"Jaimie Rojas Marquez",500,132,0.97,"0.25",99.9,"96.8","","","3.2",NA,NA,NA,1.6,1.6,NA,7.9,NA,"1.6",NA,NA,"1.6",15.86,"","7.9","","","7.9","","","",NA,NA,"",NA,NA,NA,NA,NA,NA,"",NA,NA,"",7.9,NA,7.9,NA,NA,1.6,NA,NA,NA,NA,"",NA,"",11
